ID; Nazwa; Cena; Obrazy; Opis; Cechy; Aktywność; Ilość; W sprzedaży ;Kategoria
594;Buty Nike WMNS Court Borough Mid SE "Blanc";339.99;https://img.citysport.com.pl/product_img_thumbs_position/cbx350x525/916793_100_2D_0001~1.jpg,https://img.citysport.com.pl/product_img_thumbs_position/cbx350x525/916793_100_2D_0003.jpg;Buty Damskie;Rozmiary:  36.5  38  39  40.5 35.5, Kolor: Czarny , Biały, Sezon: Jesień/Zima;1;200;1;Buty damskie
595;Buty Converse Chuck Taylor All Star PL LP OX "White";399.99;https://img.citysport.com.pl/product_img_thumbs_position/cbx350x525/555934C_2D_0001~1.jpg,https://img.citysport.com.pl/product_img_thumbs_position/cbx350x525/555934C_2D_0003.jpg;Buty Damskie;Rozmiary:  36  37  37.5  38  38.5  39  40  40.5  41 35.5, Kolor: Biały, Sezon: Jesień/Zima;1;200;1;Buty damskie
596;Trampki Converse Chuck Taylor All Star Player OX Women "Navy";289.99;https://img.citysport.com.pl/product_img_thumbs_position/cbx350x525/144150C_2D_0001~1.jpg,https://img.citysport.com.pl/product_img_thumbs_position/cbx350x525/144150C_2D_0003.jpg;Buty Damskie;Rozmiary:  36.5  37  37.5  38  39  39.5  40  41  42 36, Kolor: Granatowy, Sezon: Jesień/Zima;1;200;1;Buty damskie
597;Buty Converse Chuck Taylor All Star PL LP OX "Light Gold";419.99;https://img.citysport.com.pl/product_img_thumbs_position/cbx350x525/555946C_2D_0001~1.jpg,https://img.citysport.com.pl/product_img_thumbs_position/cbx350x525/555946C_2D_0003.jpg;Buty Damskie;Rozmiary:  36  37  37.5  38  38.5  39  40  40.5  41 35.5, Kolor: Złoty, Sezon: Jesień/Zima;1;200;1;Buty damskie
598;Trampki Converse Chuck Taylor All Star Player OX Women "Black";289.99;https://img.citysport.com.pl/product_img_thumbs_position/cbx350x525/144145C_2D_0001~1.jpg,https://img.citysport.com.pl/product_img_thumbs_position/cbx350x525/144145C_2D_0003.jpg;Buty Damskie;Rozmiary:  36.5  37  37.5  38  39  39.5  40  41  41.5  42 36, Kolor: Czarny, Sezon: Jesień/Zima;1;200;1;Buty damskie
599;Trampki Converse Chuck Taylor All Star Player OX Women "White";289.99;https://img.citysport.com.pl/product_img_thumbs_position/cbx350x525/144151C_2D_0001~1.jpg,https://img.citysport.com.pl/product_img_thumbs_position/cbx350x525/144151C_2D_0003.jpg;Buty Damskie;Rozmiary:  36.5  37  37.5  38  39  39.5  40  41  42 36, Kolor: Biały, Sezon: Jesień/Zima;1;200;1;Buty damskie
600;Buty Converse Chuck Taylor All Star PL LP OX "White";399.99;https://img.citysport.com.pl/product_img_thumbs_position/cbx350x525/555935C_2D_0001~1.jpg,https://img.citysport.com.pl/product_img_thumbs_position/cbx350x525/555935C_2D_0003.jpg;Buty Damskie;Rozmiary:  36  37.5  38  38.5  39  40  40.5  41 35.5, Kolor: Biały, Sezon: Jesień/Zima;1;200;1;Buty damskie
601;Buty Columbia Heavenly Shorty Omni Hea "Black";369.99;https://img.citysport.com.pl/product_img_thumbs_position/cbx350x525/BL1652010_2D_0001~1.jpg,https://img.citysport.com.pl/product_img_thumbs_position/cbx350x525/BL1652010_2D_0003.jpg;Buty Dziecięce;Rozmiary:  38  39  40  41 37, Kolor: Czarny, Sezon: Jesień/Zima;1;200;1;Buty damskie
602;Buty Columbia Heavenly Shorty Omni Hea "Grey";369.99;https://img.citysport.com.pl/product_img_thumbs_position/cbx350x525/BL1652052_2D_0001~1.jpg,https://img.citysport.com.pl/product_img_thumbs_position/cbx350x525/BL1652052_2D_0003.jpg;Buty Dziecięce;Rozmiary:  38  39  40 37, Kolor: Szary, Sezon: Jesień/Zima;1;200;1;Buty damskie
603;Buty New Balance 574 "Black";259.99;https://img.citysport.com.pl/product_img_thumbs_position/cbx350x525/WL574CIE_2D_0001~1.jpg,https://img.citysport.com.pl/product_img_thumbs_position/cbx350x525/WL574CIE_2D_0003.jpg;Buty Damskie;Rozmiary:  37  38  40 36, Kolor: Czarny, Sezon: Jesień/Zima;1;200;1;Buty damskie
604;Buty Nike Classic Cortez Nylon "Black Noir";379.99;https://img.citysport.com.pl/product_img_thumbs_position/cbx350x525/749864_006_2D_0001~1.jpg,https://img.citysport.com.pl/product_img_thumbs_position/cbx350x525/749864_006_2D_0003.jpg;Buty Damskie;Rozmiary:  37.5  38  39  40  41 36.5, Kolor: Czarny, Sezon: Jesień/Zima;1;200;1;Buty damskie
605;Buty New Balance 574 "Pink";259.99;https://img.citysport.com.pl/product_img_thumbs_position/cbx350x525/WL574CIC_2D_0001~1.jpg,https://img.citysport.com.pl/product_img_thumbs_position/cbx350x525/WL574CIC_2D_0003.jpg;Buty Damskie;Rozmiary:  37  38  39  40 36, Kolor: Różowy, Sezon: Jesień/Zima;1;200;1;Buty damskie
606;Buty New Balance 701 "Black";449.99;https://img.citysport.com.pl/product_img_thumbs_position/cbx350x525/WL701PKQ_2D_0001~1.jpg,https://img.citysport.com.pl/product_img_thumbs_position/cbx350x525/WL701PKQ_2D_0003.jpg;Buty Damskie;Rozmiary:  37  38  39  40 36.5, Kolor: Czarny, Sezon: Jesień/Zima;1;200;1;Buty damskie
607;Buty New Balance 701 "Rust";449.99;https://img.citysport.com.pl/product_img_thumbs_position/cbx350x525/WL701PKP_2D_0001~1.jpg,https://img.citysport.com.pl/product_img_thumbs_position/cbx350x525/WL701PKP_2D_0003.jpg;Buty Damskie;Rozmiary:  37  38  39  40 36.5, Kolor: Brązowy, Sezon: Jesień/Zima;1;200;1;Buty damskie
608;Buty Nike WMNS Classic Cortez Suede "Black";319.99;https://img.citysport.com.pl/product_img_thumbs_position/cbx350x525/AA3839_001_2D_0001~1.jpg,https://img.citysport.com.pl/product_img_thumbs_position/cbx350x525/AA3839_001_2D_0003.jpg;Buty Damskie;Rozmiary:  38  39  40  41 37.5, Kolor: Czarny, Sezon: Jesień/Zima;1;200;1;Buty damskie
609;Buty le coq sportif LCS R100 Mellow Mint x Titolo Women "Apricot";399.99;https://img.citysport.com.pl/product_img_thumbs_position/cbx350x525/16216773_2D_0001~1.jpg,https://img.citysport.com.pl/product_img_thumbs_position/cbx350x525/16216773_2D_0003.jpg;Buty Damskie;Rozmiary:  38  39  40  41 37, Kolor: Pomarańczowy, Sezon: Jesień/Zima;1;200;1;Buty damskie
610;Buty Diadora V7000 NYL II "Blue";479.99;https://img.citysport.com.pl/product_img_thumbs_position/cbx350x525/501170939C7108_2D_0001~1.jpg,https://img.citysport.com.pl/product_img_thumbs_position/cbx350x525/501170939C7108_2D_0003.jpg;Buty Damskie;Rozmiary:  38  38.5  39  40 37, Kolor: Granatowy, Sezon: Jesień/Zima;1;200;1;Buty damskie
611;Buty Nike WMNS LD Runner LW Prem "Pure Platinum";379.99;https://img.citysport.com.pl/product_img_thumbs_position/cbx350x525/902863_001_2D_0001~1.jpg,https://img.citysport.com.pl/product_img_thumbs_position/cbx350x525/902863_001_2D_0003.jpg;Buty Damskie;Rozmiary:  37.5  38  39  40  41 36.5, Kolor: Szary, Sezon: Jesień/Zima;1;200;1;Buty damskie
612;ButyNike WMNS Tanjun ENG "White";299.99;https://img.citysport.com.pl/product_img_thumbs_position/cbx350x525/902865_100_2D_0001~1.jpg,https://img.citysport.com.pl/product_img_thumbs_position/cbx350x525/902865_100_2D_0003.jpg;Buty Damskie;Rozmiary:  38 36.5, Kolor: Szary, Sezon: Wiosna/Lato;1;200;1;Buty damskie
613;Buty Onitsuka Tiger Grandest "Black";219.99;https://img.citysport.com.pl/product_img_thumbs_position/cbx350x525/D3X6L9075_2D_0001~1.jpg,https://img.citysport.com.pl/product_img_thumbs_position/cbx350x525/D3X6L9075_2D_0003.jpg;Buty Damskie;Rozmiary:  37  37.5  38  39  39.5  40  40.5  43.5 36, Kolor: Czarny, Sezon: Jesień/Zima;1;200;1;Buty damskie
614;Buty Reebok DMX Lite Katak "Black";199.99;https://img.citysport.com.pl/product_img_thumbs_position/cbx350x525/BD4500_2D_0001~1.jpg,https://img.citysport.com.pl/product_img_thumbs_position/cbx350x525/BD4500_2D_0003.jpg;Buty Damskie;Rozmiary: 38, Kolor: Czarny, Sezon: Jesień/Zima;1;200;1;Buty damskie
615;Buty adidas Stan Smith Women "Core Black";389.99;https://img.citysport.com.pl/product_img_thumbs_position/cbx350x525/BZ0485_2D_0001~3.jpg,https://img.citysport.com.pl/product_img_thumbs_position/cbx350x525/BZ0485_2D_0003~1.jpg;Buty Damskie;Rozmiary:  37 1/3  38  38 2/3  39 1/3  40  40 2/3  41 1/3  42  42 2/3 36 2/3, Kolor: Czarny, Sezon: Jesień/Zima;1;200;1;Buty damskie
616;Buty adidas Stan Smith Bold W "Core Black";449.99;https://img.citysport.com.pl/product_img_thumbs_position/cbx350x525/CG3775_2D_0001~1.jpg,https://img.citysport.com.pl/product_img_thumbs_position/cbx350x525/CG3775_2D_0003.jpg;Buty Damskie;Rozmiary:  37 1/3  38  38 2/3  39 1/3  40  40 2/3 36 2/3, Kolor: Czarny, Sezon: Jesień/Zima;1;200;1;Buty damskie
617;Buty adidas EQT Support RF W "Grey";499.99;https://img.citysport.com.pl/product_img_thumbs_position/cbx350x525/BY9107_2D_0001~1.jpg,https://img.citysport.com.pl/product_img_thumbs_position/cbx350x525/BY9107_2D_0003.jpg;Buty Męskie;Rozmiary:  37 1/3  38 2/3  39 1/3  40 36 2/3, Kolor: Szary, Sezon: Jesień/Zima;1;200;1;Buty damskie
618;Buty adidas Stan Smith Bold Mid W "White";499.99;https://img.citysport.com.pl/product_img_thumbs_position/cbx350x525/BY9664_2D_0001~1.jpg,https://img.citysport.com.pl/product_img_thumbs_position/cbx350x525/BY9664_2D_0003.jpg;Buty Damskie;Rozmiary:  37 1/3  38  38 2/3  39 1/3  40  40 2/3 36 2/3, Kolor: Biały, Sezon: Jesień/Zima;1;200;1;Buty damskie
619;Buty Carnaby Evo Wedge 317 3 SPW "White";549.99;https://img.citysport.com.pl/product_img_thumbs_position/cbx350x525/734SPW0016001_2D_0001__2_~1.jpg,https://img.citysport.com.pl/product_img_thumbs_position/cbx350x525/734SPW0016001_2D_0003.jpg;Buty Damskie;Rozmiary:  38  39  40 37, Kolor: Biały, Sezon: Jesień/Zima;1;200;1;Buty damskie
620;Buty Lacoste Carnaby EVO MID 317 2 SPW "White";499.99;https://img.citysport.com.pl/product_img_thumbs_position/cbx350x525/734SPW0015001_2D_0001__2_~1.jpg,https://img.citysport.com.pl/product_img_thumbs_position/cbx350x525/734SPW0015001_2D_0003.jpg;Buty Damskie;Rozmiary:  38  39  40 37, Kolor: Biały, Sezon: Jesień/Zima;1;200;1;Buty damskie
621;Buty Lacoste Carnaby Evo Mid 317 2 SPW "Black";489.99;https://img.citysport.com.pl/product_img_thumbs_position/cbx350x525/734SPW0015024_2D_0001~1.jpg,https://img.citysport.com.pl/product_img_thumbs_position/cbx350x525/734SPW0015024_2D_0003.jpg;Buty Damskie;Rozmiary:  38  39  40 37, Kolor: Czarny, Sezon: Jesień/Zima;1;200;1;Buty damskie
622;Buty Nike WMNS Court Royale "White";199.99;https://img.citysport.com.pl/product_img_thumbs_position/cbx350x525/749867_109_2D_0001~1.jpg,https://img.citysport.com.pl/product_img_thumbs_position/cbx350x525/749867_109_2D_0003.jpg;Buty Męskie;Rozmiary:  36.5  37.5  38  39  40  40.5  41 35.5, Kolor: Biały, Sezon: Jesień/Zima;1;200;1;Buty damskie
623;Buty Lacoste Carnaby Evo Wedge 317 3 SPW "Black";549.99;https://img.citysport.com.pl/product_img_thumbs_position/cbx350x525/734SPW0016024_2D_0001~1.jpg,https://img.citysport.com.pl/product_img_thumbs_position/cbx350x525/734SPW0016024_2D_0003.jpg;Buty Damskie;Rozmiary:  38  39  40 37, Kolor: Czarny, Sezon: Jesień/Zima;1;200;1;Buty damskie
624;Buty Lacoste Carnaby Evo Mid 317 2 SPW "Navy";499.99;https://img.citysport.com.pl/product_img_thumbs_position/cbx350x525/734SPW0015003_2D_0001~1.jpg,https://img.citysport.com.pl/product_img_thumbs_position/cbx350x525/734SPW0015003_2D_0003.jpg;Buty Damskie;Rozmiary:  38  39  40 37, Kolor: Granatowy, Sezon: Jesień/Zima;1;200;1;Buty damskie
625;Buty Asics Gel Saga "White";259.99;https://img.citysport.com.pl/product_img_thumbs_position/cbx350x525/H498Y0101_2D_0001~1.jpg,https://img.citysport.com.pl/product_img_thumbs_position/cbx350x525/H498Y0101_2D_0003.jpg; ;Rozmiary:  37  37.5  38  39  39.5  40  40.5  41.5  42  42.5  43.5 36, Kolor: Biały, Sezon: Jesień/Zima;1;200;1;Buty damskie
626;Buty Mt Trek Kaukaz "Black";209.99;https://img.citysport.com.pl/product_img_thumbs_position/cbx350x525/MTJL17517031_2D_0001~1.jpg,https://img.citysport.com.pl/product_img_thumbs_position/cbx350x525/MTJL17517031_2D_0003.jpg;Buty Damskie;Rozmiary:  37  38  39  40  41 36, Kolor: Czarny, Sezon: Jesień/Zima;1;200;1;Buty damskie
627;Buty Mt Trek Kaukaz "Navy";209.99;https://img.citysport.com.pl/product_img_thumbs_position/cbx350x525/MTJL17517033_2D_0001~1.jpg,https://img.citysport.com.pl/product_img_thumbs_position/cbx350x525/MTJL17517033_2D_0003.jpg; ;Rozmiary:  37  38  39  40  41 36, Kolor: Granatowy, Sezon: Jesień/Zima;1;200;1;Buty damskie
628;Buty Nike WMNS Zoom Span 2 Shield "Black";399.99;https://img.citysport.com.pl/product_img_thumbs_position/cbx350x525/921720_001_2D_0001~1.jpg,https://img.citysport.com.pl/product_img_thumbs_position/cbx350x525/921720_001_2D_0003.jpg;Buty Damskie;Rozmiary:  36.5  38  39  40.5 35.5, Kolor: Czarny, Sezon: Jesień/Zima;1;200;1;Buty damskie
629;Buty Diadora Titan II W "Ice Grey";399.99;https://img.citysport.com.pl/product_img_thumbs_position/cbx350x525/50116082575073_2D_0001__1_~1.jpg,https://img.citysport.com.pl/product_img_thumbs_position/cbx350x525/50116082575073_2D_0001__3_.jpg;Buty Damskie;Rozmiary:  38  38.5  39  40 37, Kolor: Szary, Sezon: Jesień/Zima;1;200;1;Buty damskie
630;Buty Diadora Titan ll W "Vintage Indigo";399.99;https://img.citysport.com.pl/product_img_thumbs_position/cbx350x525/50116082560123_2D_0006__3_~1.jpg,https://img.citysport.com.pl/product_img_thumbs_position/cbx350x525/50116082560123_2D_0006__5_.jpg;Buty Damskie;Rozmiary:  38  38.5  39  40 37, Kolor: Niebieski, Sezon: Jesień/Zima;1;200;1;Buty damskie
631;Buty Diadora Camaro Women "Black";349.99;https://img.citysport.com.pl/product_img_thumbs_position/cbx350x525/501159886C2609_2D_0006__3_~1.jpg,https://img.citysport.com.pl/product_img_thumbs_position/cbx350x525/501159886C2609_2D_0006__5_.jpg;Buty Damskie;Rozmiary:  38  38.5  39  40  40.5  41  42 37, Kolor: Czarny, Sezon: Jesień/Zima;1;200;1;Buty damskie
632;Buty Nike WMNS LD Runner LW "Black";359.99;https://img.citysport.com.pl/product_img_thumbs_position/cbx350x525/882266_004_2D_0001~1.jpg,https://img.citysport.com.pl/product_img_thumbs_position/cbx350x525/882266_004_2D_0003.jpg;Buty Damskie;Rozmiary:  37.5  38  39  40  41 36.5, Kolor: Czarny, Sezon: Jesień/Zima;1;200;1;Buty damskie
633;Buty Nike Air Max Thea Ultra FK "Black";359.99;https://img.citysport.com.pl/product_img_thumbs_position/cbx350x525/881175_001_2D_0001~1.jpg,https://img.citysport.com.pl/product_img_thumbs_position/cbx350x525/881175_001_2D_0003.jpg;Buty Damskie;Rozmiary:  37.5  38  39  40  41 36.5, Kolor: Czarny, Sezon: Jesień/Zima;1;200;1;Buty damskie
634;Buty Nike Internationalist "Summit White";339.99;https://img.citysport.com.pl/product_img_thumbs_position/cbx350x525/828407_102_2D_0001~1.jpg,https://img.citysport.com.pl/product_img_thumbs_position/cbx350x525/828407_102_2D_0003.jpg;Buty Damskie;Rozmiary:  37.5  38  39  40  41 36.5, Kolor: Niebieski, Sezon: Jesień/Zima;1;200;1;Buty damskie
635;Buty Nike Air Max 90 "Black";479.99;https://img.citysport.com.pl/product_img_thumbs_position/cbx350x525/325213_043_2D_0001~1.jpg,https://img.citysport.com.pl/product_img_thumbs_position/cbx350x525/325213_043_2D_0003.jpg;Buty Damskie;Rozmiary:  37.5  38  39  40  41 36.5, Kolor: Biały, Sezon: Jesień/Zima;1;200;1;Buty damskie
636;Buty Nike Internationalist "Particle Pink";339.99;https://img.citysport.com.pl/product_img_thumbs_position/cbx350x525/828407_608___10_~2.jpg,https://img.citysport.com.pl/product_img_thumbs_position/cbx350x525/828407_608___12_~1.jpg;Buty Damskie;Rozmiary:  37.5  38  39  40  41 36.5, Kolor: Różowy, Sezon: Jesień/Zima;1;200;1;Buty damskie
637;Buty Nike WMNS Air Huarache Run "Black";379.99;https://img.citysport.com.pl/product_img_thumbs_position/cbx350x525/634835_006_2D_0001~1.jpg,https://img.citysport.com.pl/product_img_thumbs_position/cbx350x525/634835_006_2D_0003.jpg;Buty Męskie;Rozmiary:  37.5  38  39  40  41 36.5, Kolor: Czarny, Sezon: Jesień/Zima;1;200;1;Buty damskie
638;Buty Nike Golkana Boot "Dusty Peach";329.99;https://img.citysport.com.pl/product_img_thumbs_position/cbx350x525/862513_203_2D_0001~1.jpg,https://img.citysport.com.pl/product_img_thumbs_position/cbx350x525/862513_203_2D_0003.jpg;Buty Damskie;Rozmiary:  36.5  38  39 35.5, Kolor: Pomarańczowy, Sezon: Jesień/Zima;1;200;1;Buty damskie
639;Buty Nike WMNS Air Max 90 "Light Bone";479.99;https://img.citysport.com.pl/product_img_thumbs_position/cbx350x525/325213_046_2D_0001~1.jpg,https://img.citysport.com.pl/product_img_thumbs_position/cbx350x525/325213_046_2D_0003.jpg;Buty Damskie;Rozmiary:  37.5  38  39  40  41 36.5, Kolor: Beżowy, Sezon: Jesień/Zima;1;200;1;Buty damskie
640;Buty Nike WMNS Classic Cortez Suede "Mushroom";319.99;https://img.citysport.com.pl/product_img_thumbs_position/cbx350x525/AA3839_200_2D_0001~1.jpg,https://img.citysport.com.pl/product_img_thumbs_position/cbx350x525/AA3839_200_2D_0003.jpg;Buty Damskie;Rozmiary:  38  39  40  41 36.5, Kolor: Beżowy, Sezon: Jesień/Zima;1;200;1;Buty damskie
641;Buty Nike WMNS Court Royale "Black";199.99;https://img.citysport.com.pl/product_img_thumbs_position/cbx350x525/749867_003_2D_0001~1.jpg,https://img.citysport.com.pl/product_img_thumbs_position/cbx350x525/749867_003_2D_0003.jpg;Buty Damskie;Rozmiary:  37.5  38  39  40  41 36.5, Kolor: Czarny, Sezon: Jesień/Zima;1;200;1;Buty damskie
642;'Buty Nike Air Force 1 WMNS ''07 "Black"';369.99;https://img.citysport.com.pl/product_img_thumbs_position/cbx350x525/AH0287_001_2D_0001~1.jpg,https://img.citysport.com.pl/product_img_thumbs_position/cbx350x525/AH0287_001_2D_0003.jpg;Buty Damskie;Rozmiary:  37.5  38  39  40  41 36.5, Kolor: Czarny, Sezon: Jesień/Zima;1;200;1;Buty damskie
643;Buty Nike WMNS Blazer Mid VNTG "Anthracite";379.99;https://img.citysport.com.pl/product_img_thumbs_position/cbx350x525/917862_003_2D_0001~1.jpg,https://img.citysport.com.pl/product_img_thumbs_position/cbx350x525/917862_003_2D_0003.jpg;Buty Damskie;Rozmiary:  37.5  38  39  41 36.5, Kolor: Czarny, Sezon: Jesień/Zima;1;200;1;Buty damskie
644;Buty Nike Court Borough Mid SE "Port Wine";339.99;https://img.citysport.com.pl/product_img_thumbs_position/cbx350x525/916793_600_2D_0001~1.jpg,https://img.citysport.com.pl/product_img_thumbs_position/cbx350x525/916793_600_2D_0003.jpg;Buty Damskie;Rozmiary:  36.5  37.5  38  39  40  40.5  41 35.5, Kolor: Granatowy, Sezon: Jesień/Zima;1;200;1;Buty damskie
645;Buty Nike Air Max 90 LEA "Black";519.99;https://img.citysport.com.pl/product_img_thumbs_position/cbx350x525/921304_002_2D_0001~1.jpg,https://img.citysport.com.pl/product_img_thumbs_position/cbx350x525/921304_002_2D_0003.jpg;Buty Damskie;Rozmiary:  37.5  38  39  40  41 36.5, Kolor: Czarny, Sezon: Jesień/Zima;1;200;1;Buty damskie
646;Buty Nike MNS Air Max 90 LRA "White";519.99;https://img.citysport.com.pl/product_img_thumbs_position/cbx350x525/921304_101_2D_0001~1.jpg,https://img.citysport.com.pl/product_img_thumbs_position/cbx350x525/921304_101_2D_0003.jpg;Buty Damskie;Rozmiary:  37.5  38  39  40  41 36.5, Kolor: Biały, Sezon: Jesień/Zima;1;200;1;Buty damskie
647;Buty Nike WMNS Classic Cortez Leather "Light Rose";339.99;https://img.citysport.com.pl/product_img_thumbs_position/cbx350x525/807471_013_2D_0001~1.jpg,https://img.citysport.com.pl/product_img_thumbs_position/cbx350x525/807471_013_2D_0003.jpg;Buty Damskie;Rozmiary:  37.5  39  40  41 36.5, Kolor: Różowy, Sezon: Jesień/Zima;1;200;1;Buty damskie
648;Buty le coq sportif Charline Metallic Suede "Dress Blue";299.99;https://img.citysport.com.pl/product_img_thumbs_position/cbx350x525/1720183_2D_0001~1.jpg,https://img.citysport.com.pl/product_img_thumbs_position/cbx350x525/1720183_2D_0003.jpg;Buty Damskie;Rozmiary:  37  38  39  40  41 36, Kolor: Granatowy, Sezon: Jesień/Zima;1;200;1;Buty damskie
649;Buty Nike WMNS LD Runner LW PREM "Anthracite";379.99;https://img.citysport.com.pl/product_img_thumbs_position/cbx350x525/902863_002_2D_0001~1.jpg,https://img.citysport.com.pl/product_img_thumbs_position/cbx350x525/902863_002_2D_0003.jpg;Buty Damskie;Rozmiary:  37.5  38  39  40  41 36.5, Kolor: Szary, Sezon: Jesień/Zima;1;200;1;Buty damskie
650;Buty Nike WMNS Court Borough MID SE "Beige";339.99;https://img.citysport.com.pl/product_img_thumbs_position/cbx350x525/916793_700_2D_0001~1.jpg,https://img.citysport.com.pl/product_img_thumbs_position/cbx350x525/916793_700_2D_0003.jpg;Buty Damskie;Rozmiary:  37.5  38  39  40  41 35.5, Kolor: Beżowy, Sezon: Jesień/Zima;1;200;1;Buty damskie
651;Trapmki Converse Chuck Taylor All Star ember Boot Hi "Black";419.99;https://img.citysport.com.pl/product_img_thumbs_position/cbx350x525/557935C_2D_0001~1.jpg,https://img.citysport.com.pl/product_img_thumbs_position/cbx350x525/557935C_2D_0003.jpg;Buty Damskie;Rozmiary:  36.5  37  37.5  38  39  39.5  40 36, Kolor: Czarny, Sezon: Jesień/Zima;1;200;1;Buty damskie
652;Buty New Balance 420 Re-Engineered "Elderberry";269.99;https://img.citysport.com.pl/product_img_thumbs_position/cbx350x525/WRL420TB_2D_0002~1.jpg,https://img.citysport.com.pl/product_img_thumbs_position/cbx350x525/WRL420TB_2D_0004.jpg;Buty Damskie;Rozmiary:  38  39  40 37, Kolor: Granatowy, Sezon: Jesień/Zima;1;200;1;Buty damskie
653;Buty New Balance Suede 745 "Navy";299.99;https://img.citysport.com.pl/product_img_thumbs_position/cbx350x525/WL745NV_2D_0001~1.jpg,https://img.citysport.com.pl/product_img_thumbs_position/cbx350x525/WL745NV_2D_0003.jpg;Buty Męskie;Rozmiary:  37  38  39  40 36, Kolor: Granatowy, Sezon: Jesień/Zima;1;200;1;Buty damskie
654;Buty New Balance 420 Re-Engineered "Tan";269.99;https://img.citysport.com.pl/product_img_thumbs_position/cbx350x525/WRL420TC_2D_0001~1.jpg,https://img.citysport.com.pl/product_img_thumbs_position/cbx350x525/WRL420TC_2D_0003.jpg;Buty Damskie;Rozmiary:  38  39  40 37, Kolor: Beżowy, Sezon: Jesień/Zima;1;200;1;Buty damskie
655;Buty New Balance 520 "Black";279.99;https://img.citysport.com.pl/product_img_thumbs_position/cbx350x525/WL520BK_2D_0001~1.jpg,https://img.citysport.com.pl/product_img_thumbs_position/cbx350x525/WL520BK_2D_0003.jpg;Buty Damskie;Rozmiary:  37  38  39  40 36, Kolor: Czarny, Sezon: Jesień/Zima;1;200;1;Buty damskie
656;Buty New Balance 420 Re-Engineered "Light Cyclone";269.99;https://img.citysport.com.pl/product_img_thumbs_position/cbx350x525/WRL420TA_2D_0001~1.jpg,https://img.citysport.com.pl/product_img_thumbs_position/cbx350x525/WRL420TA_2D_0003.jpg;Buty Damskie;Rozmiary:  37  38  39  40 36, Kolor: Niebieski, Sezon: Jesień/Zima;1;200;1;Buty damskie
657;Buty New Balance Suede 745 "Beige";299.99;https://img.citysport.com.pl/product_img_thumbs_position/cbx350x525/WL745BE_2D_0001~1.jpg,https://img.citysport.com.pl/product_img_thumbs_position/cbx350x525/WL745BE_2D_0003.jpg;Buty Damskie;Rozmiary:  37  38  39  40 36, Kolor: Beżowy, Sezon: Jesień/Zima;1;200;1;Buty damskie
658;Buty New Balance 247 Classic "Blue";269.99;https://img.citysport.com.pl/product_img_thumbs_position/cbx350x525/WRL247CC_2D_0001~1.jpg,https://img.citysport.com.pl/product_img_thumbs_position/cbx350x525/WRL247CC_2D_0003.jpg;Buty Damskie;Rozmiary:  38  39  40 37, Kolor: Niebieski, Sezon: Jesień/Zima;1;200;1;Buty damskie
659;Buty New Balance 520 "Beige";279.99;https://img.citysport.com.pl/product_img_thumbs_position/cbx350x525/WL520BS_2D_0001~1.jpg,https://img.citysport.com.pl/product_img_thumbs_position/cbx350x525/WL520BS_2D_0003.jpg;Buty Damskie;Rozmiary:  37  38  39 36, Kolor: Beżowy, Sezon: Jesień/Zima;1;200;1;Buty damskie
660;Buty New Balance 247 Classic "Grey";319.99;https://img.citysport.com.pl/product_img_thumbs_position/cbx350x525/WRL247CA_2D_0001~1.jpg,https://img.citysport.com.pl/product_img_thumbs_position/cbx350x525/WRL247CA_2D_0003.jpg;Buty Damskie;Rozmiary:  37  38  39  40 36, Kolor: Szary, Sezon: Jesień/Zima;1;200;1;Buty damskie
661;Buty New Balance 247 Classic Women "Bone";319.99;https://img.citysport.com.pl/product_img_thumbs_position/cbx350x525/WRL247CB_2D_0001~1.jpg,https://img.citysport.com.pl/product_img_thumbs_position/cbx350x525/WRL247CB_2D_0003.jpg;Buty Damskie;Rozmiary:  37  38  39  40 36, Kolor: Beżowy, Sezon: Jesień/Zima;1;200;1;Buty damskie
662;Buty New Balance 373 Women "Navy";249.99;https://img.citysport.com.pl/product_img_thumbs_position/cbx350x525/WL373MIN_2D_0001~1.jpg,https://img.citysport.com.pl/product_img_thumbs_position/cbx350x525/WL373MIN_2D_0003.jpg;Buty Damskie;Rozmiary:  37  38  39  40 36, Kolor: Granatowy, Sezon: Jesień/Zima;1;200;1;Buty damskie
663;Buty Sorel Caribou Slim "Red Element";569.99;https://img.citysport.com.pl/product_img_thumbs_position/cbx350x525/NL2649611_2D_0001~1.jpg,https://img.citysport.com.pl/product_img_thumbs_position/cbx350x525/NL2649611_2D_0003.jpg;Buty Damskie;Rozmiary:  38  39  40 37, Kolor: Czerwony, Sezon: Jesień/Zima;1;200;1;Buty damskie
664;Buty Ozoshi "Camel";299.99;https://img.citysport.com.pl/product_img_thumbs_position/cbx350x525/OZJ023_2D_0001~1.jpg,https://img.citysport.com.pl/product_img_thumbs_position/cbx350x525/OZJ023_2D_0003.jpg;Buty Damskie;Rozmiary:  37  38  39  40 36, Kolor: Żółty, Sezon: Jesień/Zima;1;200;1;Buty damskie
665;Buty Ozoshi "Black";299.99;https://img.citysport.com.pl/product_img_thumbs_position/cbx350x525/OZJ021_2D_0001~1.jpg,https://img.citysport.com.pl/product_img_thumbs_position/cbx350x525/OZJ021_2D_0003.jpg;Buty Damskie;Rozmiary:  37  38  39  40 36, Kolor: Czarny, Sezon: Jesień/Zima;1;200;1;Buty damskie
666;Buty Ozoshi "Navy";299.99;https://img.citysport.com.pl/product_img_thumbs_position/cbx350x525/OZJ022_2D_0001~1.jpg,https://img.citysport.com.pl/product_img_thumbs_position/cbx350x525/OZJ022_2D_0003.jpg;Buty Damskie;Rozmiary:  37  38  39  40 36, Kolor: Granatowy, Sezon: Jesień/Zima;1;200;1;Buty damskie
667;Trampki Converse Chuck Taylor All Star Ember Boot Hi "Thunder";419.99;https://img.citysport.com.pl/product_img_thumbs_position/cbx350x525/557934C_2D_0001~1.jpg,https://img.citysport.com.pl/product_img_thumbs_position/cbx350x525/557934C_2D_0003.jpg;Buty Damskie;Rozmiary:  36.5  37  37.5  38  39  39.5  40 36, Kolor: Szary, Sezon: Jesień/Zima;1;200;1;Buty damskie
668;Buty Sorel Torino Premium "Black";699.99;https://img.citysport.com.pl/product_img_thumbs_position/cbx350x525/NL2777010_2D_0001~1.jpg,https://img.citysport.com.pl/product_img_thumbs_position/cbx350x525/NL2777010_2D_0003.jpg;Buty Damskie;Rozmiary:  38  39  40 37, Kolor: Czarny, Sezon: Jesień/Zima;1;200;1;Buty damskie
669;Buty Sorel Whitney Short Lace "Sea Salt";529.99;https://img.citysport.com.pl/product_img_thumbs_position/cbx350x525/NL2776125_2D_0001~1.jpg,https://img.citysport.com.pl/product_img_thumbs_position/cbx350x525/NL2776125_2D_0003.jpg;Buty Damskie;Rozmiary:  38  38.5  39  39.5  40 37, Kolor: Biały, Sezon: Jesień/Zima;1;200;1;Buty damskie
670;Buty Sorel Cozy Joan "Black";629.99;https://img.citysport.com.pl/product_img_thumbs_position/cbx350x525/NL2745010_2D_0001~1.jpg,https://img.citysport.com.pl/product_img_thumbs_position/cbx350x525/NL2745010_2D_0003.jpg;Buty Damskie;Rozmiary:  38  38.5  39  39.5  40  41 37, Kolor: Czarny, Sezon: Jesień/Zima;1;200;1;Buty damskie
671;Buty Sorel Newbie "Collegiate Navy";399.99;https://img.citysport.com.pl/product_img_thumbs_position/cbx350x525/NL2068464_2D_0001~1.jpg,https://img.citysport.com.pl/product_img_thumbs_position/cbx350x525/NL2068464_2D_0003.jpg;Buty Damskie;Rozmiary:  38  38.5  39  39.5  40  40.5 37, Kolor: Granatowy, Sezon: Jesień/Zima;1;200;1;Buty damskie
672;Buty Sorel Cozy Joan "Elk";629.99;https://img.citysport.com.pl/product_img_thumbs_position/cbx350x525/NL2745286_2D_0001~1.jpg,https://img.citysport.com.pl/product_img_thumbs_position/cbx350x525/NL2745286_2D_0003.jpg;Buty Damskie;Rozmiary:  38  39  40  40.5 37, Kolor: Brązowy, Sezon: Jesień/Zima;1;200;1;Buty damskie
673;Buty Sorel Whitney Short Lace "Black";529.99;https://img.citysport.com.pl/product_img_thumbs_position/cbx350x525/NL2776010_2D_0001~1.jpg,https://img.citysport.com.pl/product_img_thumbs_position/cbx350x525/NL2776010_2D_0003.jpg;Buty Damskie;Rozmiary:  38  38.5  39  39.5  40  41 37, Kolor: Czarny, Sezon: Jesień/Zima;1;200;1;Buty damskie
674;Buty Sorel Caribou Slim "Quarry";569.99;https://img.citysport.com.pl/product_img_thumbs_position/cbx350x525/NL2649052_2D_0001~1.jpg,https://img.citysport.com.pl/product_img_thumbs_position/cbx350x525/NL2649052_2D_0003.jpg;Buty Damskie;Rozmiary:  38  38.5  39  39.5  40  40.5  41 37, Kolor: Szary, Sezon: Jesień/Zima;1;200;1;Buty damskie
675;Buty Sorel Joan Of Arctic Sheraling "Carmel";799.99;https://img.citysport.com.pl/product_img_thumbs_position/cbx350x525/NL2393273_2D_0001~1.jpg,https://img.citysport.com.pl/product_img_thumbs_position/cbx350x525/NL2393273_2D_0003.jpg;Buty Damskie;Rozmiary:  38  39  40 37, Kolor: Brązowy, Sezon: Jesień/Zima;1;200;1;Buty damskie
676;Buty Sorel Joan Of Arctic "Black";749.99;https://img.citysport.com.pl/product_img_thumbs_position/cbx350x525/NL2429010_2D_0001~1.jpg,https://img.citysport.com.pl/product_img_thumbs_position/cbx350x525/NL2429010_2D_0003.jpg;Buty Damskie;Rozmiary:  38  39  40 37, Kolor: Czarny, Sezon: Jesień/Zima;1;200;1;Buty damskie
677;Buty Sorel Caribou Slim "Black";569.99;https://img.citysport.com.pl/product_img_thumbs_position/cbx350x525/NL2649010_2D_0001~1.jpg,https://img.citysport.com.pl/product_img_thumbs_position/cbx350x525/NL2649010_2D_0003.jpg;Buty Damskie;Rozmiary:  38  38.5  39  39.5  40  40.5  41 37, Kolor: Czarny, Sezon: Jesień/Zima;1;200;1;Buty damskie
678;Buty Sorel Cozy Joan "Quarry";629.99;https://img.citysport.com.pl/product_img_thumbs_position/cbx350x525/NL2745052_2D_0001~1.jpg,https://img.citysport.com.pl/product_img_thumbs_position/cbx350x525/NL2745052_2D_0003.jpg;Buty Damskie;Rozmiary:  38  39  40  40.5 37, Kolor: Szary, Sezon: Jesień/Zima;1;200;1;Buty damskie
679;Buty Sorel Cozy Explorer "Black";529.99;https://img.citysport.com.pl/product_img_thumbs_position/cbx350x525/NL2744010_2D_0001~1.jpg,https://img.citysport.com.pl/product_img_thumbs_position/cbx350x525/NL2744010_2D_0003.jpg;Buty Damskie;Rozmiary:  38  39  40 37, Kolor: Czarny, Sezon: Jesień/Zima;1;200;1;Buty damskie
680;Buty le coq sportif Eclat Nubuck Women "Clematis Blue";149.99;https://img.citysport.com.pl/product_img_thumbs_position/cbx350x525/1511122_2D_0001~3.jpg,https://img.citysport.com.pl/product_img_thumbs_position/cbx350x525/1511122_2D_0003~1.jpg;Buty Damskie;Rozmiary:  37  38  40 36, Kolor: Niebieski, Sezon: Wiosna/Lato;1;200;1;Buty damskie
681;Buty Vans Authentic Leather "Sepia Rose";319.99;https://img.citysport.com.pl/product_img_thumbs_position/cbx350x525/VA38EMONU_2D_0001~1.jpg,https://img.citysport.com.pl/product_img_thumbs_position/cbx350x525/VA38EMONU_2D_0003.jpg;Buty Damskie;Rozmiary:  38  39  40 37, Kolor: Różowy, Sezon: Jesień/Zima;1;200;1;Buty damskie
682;Buty Vans Authentic Leather "Ice Flow";319.99;https://img.citysport.com.pl/product_img_thumbs_position/cbx350x525/VA38EMONT_2D_0001~1.jpg,https://img.citysport.com.pl/product_img_thumbs_position/cbx350x525/VA38EMONT_2D_0003.jpg;Buty Damskie;Rozmiary:  38  39  40 37, Kolor: Biały, Sezon: Jesień/Zima;1;200;1;Buty damskie
683;Buty Reebok Guresu 1.0 "Rose";259.99;https://img.citysport.com.pl/product_img_thumbs_position/cbx350x525/BS5919_FTW_photo_left_side_lateral_white.jpg,https://img.citysport.com.pl/product_img_thumbs_position/cbx350x525/BS5919_FTW_photo_side_lateral_white_kafel~1.jpg;Buty Damskie;Rozmiary:  37  37.5  38  38.5  39  40  40.5  41 36, Kolor: Różowy, Sezon: Jesień/Zima;1;200;1;Buty damskie
684;Buty adidas Duramo Lite W "Tactile Rose F17";159.99;https://img.citysport.com.pl/product_img_thumbs_position/cbx350x525/BA8111_2D_0001~1.jpg,https://img.citysport.com.pl/product_img_thumbs_position/cbx350x525/BA8111_2D_0003.jpg;Buty Damskie;Rozmiary:  38  39 1/3  40  40 2/3 37 1/3, Kolor: Różowy, Sezon: Jesień/Zima;1;200;1;Buty damskie
685;Buty Reebok Crossfit Speed TR 2.0 "Alloy";319.99;https://img.citysport.com.pl/product_img_thumbs_position/cbx350x525/BS5795_FTW_photo_left_side_lateral_white.jpg,https://img.citysport.com.pl/product_img_thumbs_position/cbx350x525/BS5795_FTW_photo_side_lateral_white_kafel~1.jpg;Buty Damskie;Rozmiary: 37, Kolor: Szary, Sezon: Jesień/Zima;1;200;1;Buty damskie
686;Buty Reebok Studio Basics "Cool Shadow";159.99;https://img.citysport.com.pl/product_img_thumbs_position/cbx350x525/BS5925_FTW_photo_left_side_lateral_white.jpg,https://img.citysport.com.pl/product_img_thumbs_position/cbx350x525/BS5925_FTW_photo_side_lateral_white_kafel~1.jpg;Buty Damskie;Rozmiary:  37  37.5  38  38.5  39  40  41 36, Kolor: Szary, Sezon: Jesień/Zima;1;200;1;Buty damskie
687;Buty Reebok Classic Leather Clean Exotics "Flint Grey";329.99;https://img.citysport.com.pl/product_img_thumbs_position/cbx350x525/BS8228_FTW_photo_left_side_lateral_white.jpg,https://img.citysport.com.pl/product_img_thumbs_position/cbx350x525/BS8228_FTW_photo_side_lateral_white_kafel~1.jpg;Buty Damskie;Rozmiary: 37, Kolor: Szary, Sezon: Jesień/Zima;1;200;1;Buty damskie
688;Buty Reebok Instalite Run "Black";269.99;https://img.citysport.com.pl/product_img_thumbs_position/cbx350x525/BS8487_FTW_photo_left_side_lateral_white.jpg,https://img.citysport.com.pl/product_img_thumbs_position/cbx350x525/BS8487_FTW_photo_side_lateral_white_kafel~1.jpg;Buty Damskie;Rozmiary: 38, Kolor: Czarny, Sezon: Jesień/Zima;1;200;1;Buty damskie
689;Buty Reebok Guresu 1.0 "Cool Shadow";259.99;https://img.citysport.com.pl/product_img_thumbs_position/cbx350x525/BS5918_FTW_photo_left_side_lateral_white.jpg,https://img.citysport.com.pl/product_img_thumbs_position/cbx350x525/BS5918_FTW_photo_side_lateral_white_kafel~1.jpg;Buty Damskie;Rozmiary:  37  37.5  38  38.5  39  40  40.5 36, Kolor: Szary, Sezon: Jesień/Zima;1;200;1;Buty damskie
690;Buty Reebok Esoterra DMX Lite "Smoky Indigo";199.99;https://img.citysport.com.pl/product_img_thumbs_position/cbx350x525/BS7742_FTW_photo_left_side_lateral_white.jpg,https://img.citysport.com.pl/product_img_thumbs_position/cbx350x525/BS7742_FTW_photo_side_lateral_white_kafel~1.jpg;Buty Damskie;Rozmiary:  37  37.5  38  38.5  39  40  40.5  41 36, Kolor: Niebieski, Sezon: Jesień/Zima;1;200;1;Buty damskie
691;Buty Reebok Cardio Motion "Burnt Sienna";199.99;https://img.citysport.com.pl/product_img_thumbs_position/cbx350x525/BS5938_FTW_photo_left_side_lateral_white.jpg,https://img.citysport.com.pl/product_img_thumbs_position/cbx350x525/BS5938_FTW_photo_side_lateral_white_kafel~1.jpg;Buty Damskie;Rozmiary:  37  37.5  38  38.5  39  40  40.5  41 36, Kolor: Czerwony, Sezon: Jesień/Zima;1;200;1;Buty damskie
692;Buty Reebok Classic Leather Lace "Meteor Grey";379.99;;;;;;;
