ID; Nazwa; Cena; Obrazy; Opis; Cechy; Aktywność; Ilość; W sprzedaży ;Kategoria
814;Bluza Puma Tape Funnel Neck Crew "Birch";299.99;https://img.citysport.com.pl/product_img_thumbs_position/cbx350x525/57346624__3_~1.jpg,https://img.citysport.com.pl/product_img_thumbs_position/cbx350x525/57346624__5_.jpg;Bluza Damska;Rozmiary:  L  M  S XS, Kolor: Beżowy, Sezon: Jesień/Zima;1;200;1;Odzież damska
815;Bluza Puma Ess No. 1 Crew Sweat TR W "Olive Night";199.99;https://img.citysport.com.pl/product_img_thumbs_position/cbx350x525/83840514__1_.jpg,https://img.citysport.com.pl/product_img_thumbs_position/cbx350x525/83840514__5_~1.jpg;Bluza Damska;Rozmiary:  L  M  S XS, Kolor: Zielony, Sezon: Jesień/Zima;1;200;1;Odzież damska
816;Bluza Puma Fusion Turtleneck Sweat W "Marshmallow";199.99;https://img.citysport.com.pl/product_img_thumbs_position/cbx350x525/59236521__1_.jpg,https://img.citysport.com.pl/product_img_thumbs_position/cbx350x525/59236521__3_~1.jpg;Bluza Damska;Rozmiary:  L  M  S XS, Kolor: Biały, Sezon: Jesień/Zima;1;200;1;Odzież damska
817;Bluza Outhorn Dynamic "Navy";69.99;https://img.citysport.com.pl/product_img_thumbs_position/cbx350x525/BLD6011323__3_~1.jpg,https://img.citysport.com.pl/product_img_thumbs_position/cbx350x525/BLD6011323__5_.jpg;Bluza Damska;Rozmiary:  L  M  XL S, Kolor: Granatowy;1;200;1;Odzież damska
818;Bluza Puma Fusion Turtleneck Sweat W "Black";199.99;https://img.citysport.com.pl/product_img_thumbs_position/cbx350x525/59236501__1_.jpg,https://img.citysport.com.pl/product_img_thumbs_position/cbx350x525/59236501__3_~1.jpg;Bluza Damska;Rozmiary:  L  M  S XS, Kolor: Czarny, Sezon: Jesień/Zima;1;200;1;Odzież damska
819;Bluza Outhorn Dynamic "Red";69.99;https://img.citysport.com.pl/product_img_thumbs_position/cbx350x525/BLD6012003__2_~1.jpg,https://img.citysport.com.pl/product_img_thumbs_position/cbx350x525/BLD6012003__4_.jpg;Bluza Damska;Rozmiary:  L  M  XL S, Kolor: Czerwony;1;200;1;Odzież damska
820;Bluza Converse D.W Core Full Zip Hoodie "Grey";279.99;https://img.citysport.com.pl/product_img_thumbs_position/cbx350x525/10004541A02__3_~1.jpg,https://img.citysport.com.pl/product_img_thumbs_position/cbx350x525/10004541A02__5_.jpg;Bluza Damska;Rozmiary:  L  M  S XS, Kolor: Szary, Sezon: Jesień/Zima;1;200;1;Odzież damska
821;Bluza Reebok Combat Glory Hoodie "Black";249.99;https://img.citysport.com.pl/product_img_thumbs_position/cbx350x525/BR0325_APP_on_model_back_white.jpg,https://img.citysport.com.pl/product_img_thumbs_position/cbx350x525/BR0325_APP_on_model_front_white_kafel~1.jpg;Bluza Damska;Rozmiary:  L  M  S  XS 2XS, Kolor: Czarny, Sezon: Jesień/Zima;1;200;1;Odzież damska
822;Bluza Reebok WOR BB Fleece OTH "Lilac Shadow F17-R";199.99;https://img.citysport.com.pl/product_img_thumbs_position/cbx350x525/BS3389_APP_on_model_back_white.jpg,https://img.citysport.com.pl/product_img_thumbs_position/cbx350x525/BS3389_APP_on_model_front_white_kafel~1.jpg;Bluza Damska;Rozmiary:  L  M  S XS, Kolor: Fioletowy, Sezon: Jesień/Zima;1;200;1;Odzież damska
823;Bluza Reebok Combat Lightweight "Black";249.99;https://img.citysport.com.pl/product_img_thumbs_position/cbx350x525/BQ7980_APP_photo_front_white_kafel~1.jpg;Bluza Damska;Rozmiary:  L  M  S  XL XS, Kolor: Grafitowy, Sezon: Jesień/Zima;1;200;1;Odzież damska
824;Bluza Reebok WOR BB Fleece OTH "Glow Red F17-R";199.99;https://img.citysport.com.pl/product_img_thumbs_position/cbx350x525/BS3402_APP_on_model_back_white.jpg,https://img.citysport.com.pl/product_img_thumbs_position/cbx350x525/BS3402_APP_on_model_front_white_kafel~1.jpg;Bluza Damska;Rozmiary:  L  M  S XS, Kolor: Czerwony, Sezon: Jesień/Zima;1;200;1;Odzież damska
825;Bluza adidas Sweatshirt "Navy";249.99;https://img.citysport.com.pl/product_img_thumbs_position/cbx350x525/BR9366_APP_on_model_back_white.jpg,https://img.citysport.com.pl/product_img_thumbs_position/cbx350x525/BR9366_APP_on_model_standard_white_kafel~1.jpg;Bluza Damska;Rozmiary:  L  M  S XS, Kolor: Granatowy, Sezon: Jesień/Zima;1;200;1;Odzież damska
826;Bluza adidas Track Top "Navy";329.99;https://img.citysport.com.pl/product_img_thumbs_position/cbx350x525/BR9508_APP_on_model_back_white.jpg,https://img.citysport.com.pl/product_img_thumbs_position/cbx350x525/BR9508_APP_on_model_standard_white_kafel~1.jpg;Bluza Damska;Rozmiary:  L  M  S XS, Sezon: Jesień/Zima;1;200;1;Odzież damska
827;Bluza adidas FZ HOODIE "Grey";279.99;https://img.citysport.com.pl/product_img_thumbs_position/cbx350x525/BR6350_APP_on_model_back_white.jpg,https://img.citysport.com.pl/product_img_thumbs_position/cbx350x525/BR6350_APP_on_model_standard_white_kafel~1.jpg;Bluza Damska;Rozmiary:  L  M  XL S, Kolor: Szary, Sezon: Jesień/Zima;1;200;1;Odzież damska
828;Bluza adidas Crew Sweatshirt "Grey;249.99;https://img.citysport.com.pl/product_img_thumbs_position/cbx350x525/BS0734_APP_on_model_back_white.jpg,https://img.citysport.com.pl/product_img_thumbs_position/cbx350x525/BS0734_APP_on_model_standard_white_kafel~1.jpg;Bluza Damska;Rozmiary:  L  M  XL S, Kolor: Szary, Sezon: Jesień/Zima;1;200;1;Odzież damska
829;Bluza Nike NSW HOODIE FZ FLC "NAVY";239.99;https://img.citysport.com.pl/product_img_thumbs_position/cbx350x525/803638_451_PHSBH001_3144.jpg,https://img.citysport.com.pl/product_img_thumbs_position/cbx350x525/803638_451_PHSFH001_3144_kafel~1.jpg;Bluza Damska;Rozmiary:  L  M S, Kolor: Granatowy, Sezon: Jesień/Zima;1;200;1;Odzież damska
830;Bluza Nike NSW HOODIE FZ FLC "Grey";239.99;https://img.citysport.com.pl/product_img_thumbs_position/cbx350x525/803638_063_PHSBH001_3144.jpg,https://img.citysport.com.pl/product_img_thumbs_position/cbx350x525/803638_063_PHSFH001_3144_kafel~1.jpg;Bluza Damska;Rozmiary:  L  M S, Kolor: Szary, Sezon: Wiosna/Lato;1;200;1;Odzież damska
831;Bluza Converse Core Full Zip Hoodie "Black";279.99;https://img.citysport.com.pl/product_img_thumbs_position/cbx350x525/10004541A01__3_~1.jpg,https://img.citysport.com.pl/product_img_thumbs_position/cbx350x525/10004541A01__5_.jpg;Bluza Damska;Rozmiary:  L  M  S XS, Kolor: Czarny, Sezon: Jesień/Zima;1;200;1;Odzież damska
832;Bluza Nike D.W NSW FNL FLC "Blue";219.99;https://img.citysport.com.pl/product_img_thumbs_position/cbx350x525/803636_464_PHSBH001_3144.jpg,https://img.citysport.com.pl/product_img_thumbs_position/cbx350x525/803636_464_PHSFH001_3144_kafel~1.jpg;Bluza Damska;Rozmiary:  L  M  S XS, Kolor: Niebieski, Sezon: Wiosna/Lato;1;200;1;Odzież damska
833;Bluza Nike D.W NSW FNL FLC "Black";219.99;https://img.citysport.com.pl/product_img_thumbs_position/cbx350x525/803636_010_PHSBH001_3144.jpg,https://img.citysport.com.pl/product_img_thumbs_position/cbx350x525/803636_010_PHSFH001_3144_kafel~1.jpg;Bluza Damska;Rozmiary:  L  S XS, Kolor: Czarny, Sezon: Wiosna/Lato;1;200;1;Odzież damska
834;Bluza Nike D.W NSW FNL FLC "Grey";219.99;https://img.citysport.com.pl/product_img_thumbs_position/cbx350x525/803636_063_PHSBH001_3144.jpg,https://img.citysport.com.pl/product_img_thumbs_position/cbx350x525/803636_063_PHSFH001_3144_kafel~1.jpg;Bluza Damska;Rozmiary:  L  M  S XS, Kolor: Szary, Sezon: Wiosna/Lato;1;200;1;Odzież damska
835;Bluza Puma FUN AOP H Sweat W "Navy";169.99;https://img.citysport.com.pl/product_img_thumbs_position/cbx350x525/83875006__3_~1.jpg,https://img.citysport.com.pl/product_img_thumbs_position/cbx350x525/83875006__5_.jpg;Bluza Damska;Rozmiary:  L  M  S  XL XS, Kolor: Granatowy, Sezon: Jesień/Zima;1;200;1;Odzież damska
836;Bluza Puma D. ESS Hooded Sweat Fleece "Black";169.99;https://img.citysport.com.pl/product_img_thumbs_position/cbx350x525/82388301__2_~1.jpg,https://img.citysport.com.pl/product_img_thumbs_position/cbx350x525/82388301__4_.jpg;Bluza Damska;Rozmiary:  L  M  S  XL  XXL XS, Kolor: Czarny, Sezon: Jesień/Zima;1;200;1;Odzież damska
837;Bluza Outhorn D. Sport "Navy";99.99;https://img.citysport.com.pl/product_img_thumbs_position/cbx350x525/BLD602A1986__3_~1.jpg,https://img.citysport.com.pl/product_img_thumbs_position/cbx350x525/BLD602A1986__5_.jpg;Bluza Damska;Rozmiary:  L  M  XL S, Kolor: Granatowy;1;200;1;Odzież damska
838;Bluza Outhorn Sport "Grey";89.99;https://img.citysport.com.pl/product_img_thumbs_position/cbx350x525/BLD6011951__3_~1.jpg,https://img.citysport.com.pl/product_img_thumbs_position/cbx350x525/BLD6011951__5_.jpg;Bluza Męska;Rozmiary:  L  M  XL S, Kolor: Szary;1;200;1;Odzież damska
839;Bluza Outhorn Sport "Black";69.99;https://img.citysport.com.pl/product_img_thumbs_position/cbx350x525/BLD60060__1_.jpg,https://img.citysport.com.pl/product_img_thumbs_position/cbx350x525/BLD60060__3_~1.jpg;Bluza Damska;Rozmiary:  L  M  XL S, Kolor: Czarny;1;200;1;Odzież damska
840;Bluza Outhorn D. Sport "Pink";69.99;https://img.citysport.com.pl/product_img_thumbs_position/cbx350x525/BLD6002037__1_.jpg,https://img.citysport.com.pl/product_img_thumbs_position/cbx350x525/BLD6002037__3_~1.jpg;Bluza Damska;Rozmiary:  L  M  XL S, Kolor: Różowy;1;200;1;Odzież damska
841;Bluza adidas Sweatshirt "Wonder Pink F10";269.99;https://img.citysport.com.pl/product_img_thumbs_position/cbx350x525/BR9494_APP_on_model_back_white.jpg,https://img.citysport.com.pl/product_img_thumbs_position/cbx350x525/BR9494_APP_on_model_standard_white~1.jpg;Bluza Damska;Rozmiary:  L M, Kolor: Różowy, Sezon: Jesień/Zima;1;200;1;Odzież damska
842;Bluza adidas Crew Sweatshirt "Raw Pink";249.99;https://img.citysport.com.pl/product_img_thumbs_position/cbx350x525/BS0729_APP_on_model_back_white.jpg,https://img.citysport.com.pl/product_img_thumbs_position/cbx350x525/BS0729_APP_on_model_standard_white~1.jpg;Bluza Damska;Rozmiary:  L  M  XL S, Kolor: Różowy, Sezon: Jesień/Zima;1;200;1;Odzież damska
843;Bluza Nike W NSW FNL FLC "Grey";169.99;https://img.citysport.com.pl/product_img_thumbs_position/cbx350x525/853928_071_PHSBH001_3144.jpg,https://img.citysport.com.pl/product_img_thumbs_position/cbx350x525/853928_071_PHSFH001_3144_kafel~1.jpg;Bluza Damska;Rozmiary:  L  M  S XS, Kolor: Szary, Sezon: Jesień/Zima;1;200;1;Odzież damska
844;Bluza adidas Essentials Solid Fullzip Hoodie "Black";229.99;https://img.citysport.com.pl/product_img_thumbs_position/cbx350x525/S97085_APP_on_model_back_white.jpg,https://img.citysport.com.pl/product_img_thumbs_position/cbx350x525/S97085_APP_on_model_standard_white_kafel~1.jpg;Bluza Damska;Rozmiary:  L  M  S XS, Kolor: Czarny, Sezon: Jesień/Zima;1;200;1;Odzież damska
845;Bluza adidas Crew Sweater "White";269.99;https://img.citysport.com.pl/product_img_thumbs_position/cbx350x525/BR9372_APP_on_model_back_white.jpg,https://img.citysport.com.pl/product_img_thumbs_position/cbx350x525/BR9372_APP_on_model_standard_white~1.jpg;Bluza Damska;Rozmiary:  L  M  XL S, Kolor: Biały, Sezon: Jesień/Zima;1;200;1;Odzież damska
846;Bluza adidas Timeout Full Zip Hoodie "Black Noir";269.99;https://img.citysport.com.pl/product_img_thumbs_position/cbx350x525/BQ9446_APP_on_model_back_white.jpg,https://img.citysport.com.pl/product_img_thumbs_position/cbx350x525/BQ9446_APP_on_model_standard_white~1.jpg;Bluza Damska;Rozmiary:  L  M  S XS, Kolor: Czarny, Sezon: Jesień/Zima;1;200;1;Odzież damska
847;Bluza adidas Stadium Sweatshirt "Icey Pink F17";249.99;https://img.citysport.com.pl/product_img_thumbs_position/cbx350x525/BP5571_APP_on_model_back_white.jpg,https://img.citysport.com.pl/product_img_thumbs_position/cbx350x525/BP5571_APP_on_model_standard_white_kafel~1.jpg;Bluza Damska;Rozmiary:  L  M  S XS, Kolor: Różowy, Sezon: Jesień/Zima;1;200;1;Odzież damska
848;Bluza adidas Offpitch Hoodie "Utility Ivy F16";329.99;https://img.citysport.com.pl/product_img_thumbs_position/cbx350x525/BS2377_APP_on_model_back_white.jpg,https://img.citysport.com.pl/product_img_thumbs_position/cbx350x525/BS2377_APP_on_model_standard_white_kafel~1.jpg;Bluza Damska;Rozmiary:  L  M  S XS, Kolor: Szary, Sezon: Jesień/Zima;1;200;1;Odzież damska
849;Bluza adidas Timeout Hoodie "Icey Pink F17";269.99;https://img.citysport.com.pl/product_img_thumbs_position/cbx350x525/BS2352_APP_on_model_back_white.jpg,https://img.citysport.com.pl/product_img_thumbs_position/cbx350x525/BS2352_APP_on_model_standard_white_kafel~1.jpg;Bluza Damska;Rozmiary:  L  M  S  XL XS, Kolor: Różowy;1;200;1;Odzież damska
850;Bluza adidas Superstar Track Top "White";299.99;https://img.citysport.com.pl/product_img_thumbs_position/cbx350x525/BR9354_APP_on_model_back_white.jpg,https://img.citysport.com.pl/product_img_thumbs_position/cbx350x525/BR9354_APP_on_model_standard_white~1.jpg;Bluza Damska;Rozmiary:  L  M  XL S, Kolor: Biały, Sezon: Jesień/Zima;1;200;1;Odzież damska
851;Bluza Nike W NSW CRW FLC "Black";169.99;https://img.citysport.com.pl/product_img_thumbs_position/cbx350x525/853926_010__1__kafel~1.jpg,https://img.citysport.com.pl/product_img_thumbs_position/cbx350x525/853926_010__2_.jpg;Bluza Damska;Rozmiary:  L  S XS, Kolor: Czarny, Sezon: Jesień/Zima;1;200;1;Odzież damska
852;Bluza Nike D.W NSW CRW FLC "Pink";169.99;https://img.citysport.com.pl/product_img_thumbs_position/cbx350x525/853926_608__1__kafel~1.jpg,https://img.citysport.com.pl/product_img_thumbs_position/cbx350x525/853926_608__2_.jpg;Bluza Damska;Rozmiary:  L  M  S XS, Kolor: Różowy, Sezon: Jesień/Zima;1;200;1;Odzież damska
853;Bluza adidas EA Sweater Graphic "Cream White";319.99;https://img.citysport.com.pl/product_img_thumbs_position/cbx350x525/CV9470_APP_on_model_back_white.jpg,https://img.citysport.com.pl/product_img_thumbs_position/cbx350x525/CV9470_APP_on_model_standard_white_kafel~1.jpg;Bluza Damska;Rozmiary:  S XXS, Kolor: Biały, Sezon: Jesień/Zima;1;200;1;Odzież damska
854;Bluza adidas EA SST TT Graphic "Cream White";399.99;https://img.citysport.com.pl/product_img_thumbs_position/cbx350x525/CV9431_APP_on_model_back_white.jpg,https://img.citysport.com.pl/product_img_thumbs_position/cbx350x525/CV9431_APP_on_model_standard_white_kafel~1.jpg;Bluza Damska;Rozmiary:  L S, Kolor: Biały, Sezon: Jesień/Zima;1;200;1;Odzież damska
855;Bluza Converse Core Crew Sweatshirt "Grey";169.99;https://img.citysport.com.pl/product_img_thumbs_position/cbx350x525/Bluza_Converse_10001022__1_~1.jpg,https://img.citysport.com.pl/product_img_thumbs_position/cbx350x525/Bluza_Converse_10001022__3_.jpg;Bluza Damska;Rozmiary: XL, Kolor: Szary, Sezon: Jesień/Zima;1;200;1;Odzież damska
856;Bluza Outhorn Sport "Oragne";129.99;https://img.citysport.com.pl/product_img_thumbs_position/cbx350x525/Bluza_Outhorn_Sport_HOL17PLD6031941__1_~1.jpg,https://img.citysport.com.pl/product_img_thumbs_position/cbx350x525/Bluza_Outhorn_Sport_HOL17PLD6031941__3_.jpg;Bluza Damska;Rozmiary:  L  M  S XS, Kolor: Pomarańczowy;1;200;1;Odzież damska
857;Bluza Outhorn Trening "Sea";149.99;https://img.citysport.com.pl/product_img_thumbs_position/cbx350x525/Bluza_Outhorn_Trening_HOL17BLDF620__1_~1.jpg,https://img.citysport.com.pl/product_img_thumbs_position/cbx350x525/Bluza_Outhorn_Trening_HOL17BLDF620__3_.jpg;Bluza Damska;Rozmiary:  L  M  S  XL XS, Kolor: Niebieski;1;200;1;Odzież damska
858;Bluza Outhorn Past Modern "Fuksja";54.99;https://img.citysport.com.pl/product_img_thumbs_position/cbx350x525/Bluza_Outhorn_Past_Modern_TOL16BLD600__1_.jpg,https://img.citysport.com.pl/product_img_thumbs_position/cbx350x525/Bluza_Outhorn_Past_Modern_TOL16BLD600__3_.jpg;Bluza Damska;Rozmiary:  L  M  XL XS, Kolor: Różowy;1;200;1;Odzież damska
859;Bluza Converse CORE FULL ZIP HOODIE FT "Grey";199.99;https://img.citysport.com.pl/product_img_thumbs_position/cbx350x525/Bluza_Converse_10003137A02__1_~1.jpg,https://img.citysport.com.pl/product_img_thumbs_position/cbx350x525/Bluza_Converse_10003137A02__3_.jpg;Bluza Damska;Rozmiary:  M  S XS, Kolor: Szary, Sezon: Wiosna/Lato;1;200;1;Odzież damska
860;Bluza Reebok F Iconic Crew "Collegiate Navy";199.99;https://img.citysport.com.pl/product_img_thumbs_position/cbx350x525/BP8282_APP_on_model_back_white.jpg,https://img.citysport.com.pl/product_img_thumbs_position/cbx350x525/BP8282_APP_on_model_front_white_kafel~1.jpg;Bluza Damska;Rozmiary:  L  M  S XS, Kolor: Granatowy, Sezon: Wiosna/Lato;1;200;1;Odzież damska
861;Bluza Reebok EL FL FULL ZIP "Sanros";199.99;https://img.citysport.com.pl/product_img_thumbs_position/cbx350x525/BS4122__2_.jpg,https://img.citysport.com.pl/product_img_thumbs_position/cbx350x525/BS4122__6__kafel~1.jpg;Bluza Damska;Rozmiary:  M S, Kolor: Różowy, Sezon: Jesień/Zima;1;200;1;Odzież damska
862;Bluza Outhorn Past Modern Women "Navy";79.99;https://img.citysport.com.pl/product_img_thumbs_position/cbx350x525/Bluza_Outhorn_Past_Modern_TOL16LD602__2_~1.jpg,https://img.citysport.com.pl/product_img_thumbs_position/cbx350x525/Bluza_Outhorn_Past_Modern_TOL16LD602__3_.jpg;Bluza Damska;Rozmiary:  M S, Kolor: Granatowy;1;200;1;Odzież damska
863;Bluza Outhorn Sport Women "Black";54.99;https://img.citysport.com.pl/product_img_thumbs_position/cbx350x525/Bluza_Outhorn_Sport_TOL16BLD60160__1_~1.jpg,https://img.citysport.com.pl/product_img_thumbs_position/cbx350x525/Bluza_Outhorn_Sport_TOL16BLD60160__2_.jpg;Bluza Damska;Rozmiary:  M S, Kolor: Czarny;1;200;1;Odzież damska
864;Bluza Outhorn Sport Women "Medium Heather Grey";54.99;https://img.citysport.com.pl/product_img_thumbs_position/cbx350x525/Bluza_Outhorn_Sport_TOL16BLD6011946__1_~1.jpg,https://img.citysport.com.pl/product_img_thumbs_position/cbx350x525/Bluza_Outhorn_Sport_TOL16BLD6011946__3_.jpg;Bluza Damska;Rozmiary:  M S, Kolor: Szary;1;200;1;Odzież damska
865;Kurtka Reebok Oversized Woven Jacket "LEAD S17-R";219.99;https://img.citysport.com.pl/product_img_thumbs_position/cbx350x525/Kurtka_Reebok_Oversized_Woven_Jacket_BK3171__1___kafel~1.jpg,https://img.citysport.com.pl/product_img_thumbs_position/cbx350x525/Kurtka_Reebok_Oversized_Woven_Jacket_BK3171__2_.jpg;Kurtka Damska;Rozmiary:  L M, Kolor: Czarny, Sezon: Wiosna/Lato;1;200;1;Odzież damska
866;Bluza adidas Essentials Solid Fullzip Hoodie Women "Easy Blue";229.99;https://img.citysport.com.pl/product_img_thumbs_position/cbx350x525/Bluza_adidas_ESS_Solid_FZ_HD_B47311__1_~1.jpg,https://img.citysport.com.pl/product_img_thumbs_position/cbx350x525/Bluza_adidas_ESS_Solid_FZ_HD_B47311__3_.jpg;Bluza Damska;Rozmiary:  L  M  S XS, Kolor: Niebieski, Sezon: Wiosna/Lato;1;200;1;Odzież damska
867;Bluza adidas ZNE HODDY;299.99;https://img.citysport.com.pl/product_img_thumbs_position/cbx350x525/Bluza_adidas_ZNE_HODDY_B46939__1_~1.jpg,https://img.citysport.com.pl/product_img_thumbs_position/cbx350x525/Bluza_adidas_ZNE_HODDY_B46939__3_.jpg;Bluza Damska;Rozmiary:  L  M  S XS, Kolor: Różowy, Sezon: Wiosna/Lato;1;200;1;Odzież damska
868;Bluza adidas ZNE CREWSWEAT;249.99;https://img.citysport.com.pl/product_img_thumbs_position/cbx350x525/Bluza_adidas_ZNE_CREWSWEAT_S99267__3_~1.jpg,https://img.citysport.com.pl/product_img_thumbs_position/cbx350x525/Bluza_adidas_ZNE_CREWSWEAT_S99267__4_.jpg;Bluza Damska;Rozmiary:  L  M  S  XL XS, Kolor: Różowy, Sezon: Wiosna/Lato;1;200;1;Odzież damska
869;Bluza adidas ZNE HODDY;319.99;https://img.citysport.com.pl/product_img_thumbs_position/cbx350x525/Bluza_adidas_ZNE_HODDY_B46936__2_~1.jpg,https://img.citysport.com.pl/product_img_thumbs_position/cbx350x525/Bluza_adidas_ZNE_HODDY_B46936__4_.jpg;Bluza Damska;Rozmiary:  L  M  S XS, Kolor: Czerwony, Sezon: Wiosna/Lato;1;200;1;Odzież damska
870;Bluza Merrell Pholox Ful Zip Fleece "Zinfandel HTR Violet";179.99;https://img.citysport.com.pl/product_img_thumbs_position/cbx350x525/Bluza_Columbia_Pholox_Ful_Zip_Fleece_JWF22728_545__3_~1.jpg,https://img.citysport.com.pl/product_img_thumbs_position/cbx350x525/Bluza_Columbia_Pholox_Ful_Zip_Fleece_JWF22728_545__4_.jpg;Bluza Damska;Rozmiary:  M S, Kolor: Bordowy, Sezon: Jesień/Zima;1;200;1;Odzież damska
871;Bluza Asics Knit Full Zip Hoodie "Grey";139.99;https://img.citysport.com.pl/product_img_thumbs_position/cbx350x525/Bluza_Asics_Full_Zip_Hoodie_1098720714__1_~1.jpg,https://img.citysport.com.pl/product_img_thumbs_position/cbx350x525/Bluza_Asics_Full_Zip_Hoodie_1098720714__3_.jpg;Bluza Damska;Rozmiary:  L  M  S  XL XS, Kolor: Szary, Sezon: Wiosna/Lato;1;200;1;Odzież damska
872;Bluza Reebok Workout Ready Full Zip Hoodie "CHALK S14-R";139.99;https://img.citysport.com.pl/product_img_thumbs_position/cbx350x525/Bluza_Reebok_WOR_FZ_HOODIE_BK6457__2_~1.jpg,https://img.citysport.com.pl/product_img_thumbs_position/cbx350x525/Bluza_Reebok_WOR_FZ_HOODIE_BK6457__4_.jpg;Bluza Damska;Rozmiary: XL, Kolor: Biały, Sezon: Wiosna/Lato;1;200;1;Odzież damska
873;Bluza Reebok Workout Ready Full Zip Hoodie "BLACK";159.99;https://img.citysport.com.pl/product_img_thumbs_position/cbx350x525/Bluza_Reebok_Wor_FZ_Hoodie_BK6455__3_~1.jpg,https://img.citysport.com.pl/product_img_thumbs_position/cbx350x525/Bluza_Reebok_Wor_FZ_Hoodie_BK6455__4_.jpg;Bluza Damska;Rozmiary:  M  S  XL XS, Kolor: Czarny, Sezon: Wiosna/Lato;1;200;1;Odzież damska
874;Bluza Reebok F Iconic Crew Sweat Women "Medium Grey Heather";169.99;https://img.citysport.com.pl/product_img_thumbs_position/cbx350x525/Bluza_Reebok_F_ICONIC_Crew_Sweat_BK2412__1_~1.jpg,https://img.citysport.com.pl/product_img_thumbs_position/cbx350x525/Bluza_Reebok_F_ICONIC_Crew_Sweat_BK2412__3_.jpg;Bluza Damska;Rozmiary:  L  M  S  XS XXS, Kolor: Szary, Sezon: Wiosna/Lato;1;200;1;Odzież damska
875;Bluza Reebok YOGA Cover Up "MEDIUM GREY HEATHER/BLACK";159.99;https://img.citysport.com.pl/product_img_thumbs_position/cbx350x525/Bluza_Reebok_Y_Cover_Up_B46054__2_~1.jpg,https://img.citysport.com.pl/product_img_thumbs_position/cbx350x525/Bluza_Reebok_Y_Cover_Up_B46054__4_.jpg;Bluza Damska;Rozmiary: M, Kolor: Szary, Sezon: Wiosna/Lato;1;200;1;Odzież damska
876;Bluza Reebok Workout Ready Cotton series GR FZH "LIGHT GREY HEATHER";179.99;https://img.citysport.com.pl/product_img_thumbs_position/cbx350x525/Bluza_Reebok_WOR_CS_FZ_Hoodie_BK2896__1_~1.jpg,https://img.citysport.com.pl/product_img_thumbs_position/cbx350x525/Bluza_Reebok_WOR_CS_FZ_Hoodie_BK2896__3_.jpg;Bluza Damska;Rozmiary:  L  M  S  XL XS, Kolor: Szary, Sezon: Wiosna/Lato;1;200;1;Odzież damska
877;Bluza Reebok Speedwick Track Jacket "BLACK";179.99;https://img.citysport.com.pl/product_img_thumbs_position/cbx350x525/Bluza_Reebok_Track_Jacket_BK3170__3_~4.jpg,https://img.citysport.com.pl/product_img_thumbs_position/cbx350x525/Bluza_Reebok_Track_Jacket_BK3170__4_~1.jpg;Bluza Damska;Rozmiary: M, Kolor: Czarny, Sezon: Wiosna/Lato;1;200;1;Odzież damska
878;Bluza Nike Sportswear Hoodie Women "Pink";169.99;https://img.citysport.com.pl/product_img_thumbs_position/cbx350x525/Bluza_Nike_614829_651__1_~2.jpg,https://img.citysport.com.pl/product_img_thumbs_position/cbx350x525/Bluza_Nike_614829_651__3_.jpg;Bluza Damska;Rozmiary:  L  M  S XS, Kolor: Różowy, Sezon: Wiosna/Lato;1;200;1;Odzież damska
879;Bluza Puma Archive Logo T7 Track Jacket "Puma White-AOP";239.99;https://img.citysport.com.pl/product_img_thumbs_position/cbx350x525/Bluza_Puma_Archive_Logo_T7_Track_Jacket_57248857__1_~1.jpg,https://img.citysport.com.pl/product_img_thumbs_position/cbx350x525/Bluza_Puma_Archive_Logo_T7_Track_Jacket_57248857__3_.jpg;Bluza Damska;Rozmiary:  L  M S, Kolor: Biały, Sezon: Wiosna/Lato;1;200;1;Odzież damska
880;Bluza Reebok GR Havana Sweat "Black";199.99;https://img.citysport.com.pl/product_img_thumbs_position/cbx350x525/Bluza_Reebok_GR_Havana_Sweat_BK2837__1_~1.jpg,https://img.citysport.com.pl/product_img_thumbs_position/cbx350x525/Bluza_Reebok_GR_Havana_Sweat_BK2837__3_.jpg;Bluza Damska;Rozmiary:  L  M  S XS, Kolor: Czarny, Sezon: Wiosna/Lato;1;200;1;Odzież damska
881;Bluza adidas Essentials Solid Fullzip Hoodie "Medium Grey Heather";229.99;https://img.citysport.com.pl/product_img_thumbs_position/cbx350x525/Bluza_adidas_ESS_Solid_FZ_HD_S97086__1_~1.jpg,https://img.citysport.com.pl/product_img_thumbs_position/cbx350x525/Bluza_adidas_ESS_Solid_FZ_HD_S97086__3_.jpg;Bluza Damska;Rozmiary:  L  M  S XS, Kolor: Szary, Sezon: Wiosna/Lato;1;200;1;Odzież damska
882;Reebok Bluza Elements French Terry Full Zip Hoodie "Black";169.99;https://img.citysport.com.pl/product_img_thumbs_position/cbx350x525/Reebok_Bluza_Elements_French_Terry_Full_Zip_Hoodie_AJ3773.jpg;Bluza Damska;Rozmiary:  L  M  S XS, Kolor: Czarny, Sezon: Wiosna/Lato;1;200;1;Odzież damska
883;Bluza adidas Essentials Linear Crewneck Sweatshirt "Medium Grey Heather";149.99;https://img.citysport.com.pl/product_img_thumbs_position/cbx350x525/Bluza_adidas_ESS_LIN_Sweat_S97080__3_~1.jpg,https://img.citysport.com.pl/product_img_thumbs_position/cbx350x525/Bluza_adidas_ESS_LIN_Sweat_S97080__4_.jpg;Bluza Damska;Rozmiary:  L  M  S XS, Kolor: Szary, Sezon: Wiosna/Lato;1;200;1;Odzież damska
884;Bluza adidas Stadium Sweatshirt "Black";249.99;https://img.citysport.com.pl/product_img_thumbs_position/cbx350x525/Bluza_Adidas_Stadium_Sweatshirt_B47322__4__kafel~1.jpg,https://img.citysport.com.pl/product_img_thumbs_position/cbx350x525/Bluza_Adidas_Stadium_Sweatshirt_B47322__4__kafel~2.jpg;Bluza Damska;Rozmiary:  L  M  S XS, Kolor: Czarny, Sezon: Jesień/Zima;1;200;1;Odzież damska
885;Bluza Reebok Elements Prime Group Snow Melange CREW "Black";119.99;https://img.citysport.com.pl/product_img_thumbs_position/cbx350x525/Bluza_Reebok_EL_Prime_Group_Crew_BK3952__2_~1.jpg,https://img.citysport.com.pl/product_img_thumbs_position/cbx350x525/Bluza_Reebok_EL_Prime_Group_Crew_BK3952__4_.jpg;Bluza Damska;Rozmiary:  L  M  S XS, Kolor: Szary, Sezon: Wiosna/Lato;1;200;1;Odzież damska
886;Bluza adidas Trefoil Hoodie "White";279.99;https://img.citysport.com.pl/product_img_thumbs_position/cbx350x525/Bluza_adidas_BJ8313__4_~1.jpg,https://img.citysport.com.pl/product_img_thumbs_position/cbx350x525/Bluza_adidas_BJ8313__5_.jpg;Bluza Damska;Rozmiary:  L  M  XL S, Kolor: Biały, Sezon: Wiosna/Lato;1;200;1;Odzież damska
887;Bluza adidas Slim Hoodie Women "Blue White";279.99;https://img.citysport.com.pl/product_img_thumbs_position/cbx350x525/Bluza_adidas_BJ8380__4_~1.jpg,https://img.citysport.com.pl/product_img_thumbs_position/cbx350x525/Bluza_adidas_BJ8380__6_.jpg;Bluza Damska;Rozmiary:  L  XL M, Kolor: Niebieski, Sezon: Wiosna/Lato;1;200;1;Odzież damska
888;Bluza adidas Slim Hoodie "Medium Grey";279.99;https://img.citysport.com.pl/product_img_thumbs_position/cbx350x525/Bluza_adidas_Slim_Hoodie_BJ8302__3_~1.jpg,https://img.citysport.com.pl/product_img_thumbs_position/cbx350x525/Bluza_adidas_Slim_Hoodie_BJ8302__4_.jpg;Bluza Damska;Rozmiary:  XL L, Kolor: Szary, Sezon: Wiosna/Lato;1;200;1;Odzież damska
889;Bluza adidas Florido Crew Sweater "Black";269.99;https://img.citysport.com.pl/product_img_thumbs_position/cbx350x525/Bluza_adidas_BJ8401__4_~1.jpg,https://img.citysport.com.pl/product_img_thumbs_position/cbx350x525/Bluza_adidas_BJ8401__6_.jpg;Bluza Damska;Rozmiary:  L  M  XL S, Kolor: Czarny, Sezon: Wiosna/Lato;1;200;1;Odzież damska
890;Bluza adidas Florido SST TT "Multco";329.99;https://img.citysport.com.pl/product_img_thumbs_position/cbx350x525/Bluza_adidas_Florido_SST_TT_BJ8399__1_~1.jpg,https://img.citysport.com.pl/product_img_thumbs_position/cbx350x525/Bluza_adidas_Florido_SST_TT_BJ8399__3_.jpg;Bluza Damska;Rozmiary:  L  XL M, Kolor: Czarny, Sezon: Wiosna/Lato;1;200;1;Odzież damska
891;New Balance Bluza Damska Classic Crew AG;139.99;https://img.citysport.com.pl/product_img_thumbs_position/cbx350x525/new_balance_classic_crew_WT63551AG__1_.jpg,https://img.citysport.com.pl/product_img_thumbs_position/cbx350x525/new_balance_classic_crew_WT63551AG__3_.jpg;Bluza Damska;Rozmiary: S, Kolor: Szary, Sezon: Jesień/Zima;1;200;1;Odzież damska
892;New Balance Bluza Damska Classic Crew;159.99;https://img.citysport.com.pl/product_img_thumbs_position/cbx350x525/new_balance_classic_crew_ddj_WT63551DDJ__1_.jpg,https://img.citysport.com.pl/product_img_thumbs_position/cbx350x525/new_balance_classic_crew_ddj_WT63551DDJ__3_.jpg;Bluza Damska;Rozmiary:  L  M XS, Kolor: Różowy, Sezon: Jesień/Zima;1;200;1;Odzież damska
893;Nike Bluza Dziecięca B NSW CRW Club FLC;119.99;https://img.citysport.com.pl/product_img_thumbs_position/cbx350x525/nike_nsw_crw_club_flc_826436_010__1_.jpg,https://img.citysport.com.pl/product_img_thumbs_position/cbx350x525/nike_nsw_crw_club_flc_826436_010__2_.jpg;Bluza Dziecięca;Rozmiary:  146 134, Kolor: Czarny, Sezon: Jesień/Zima;1;200;1;Odzież damska
894;New Balance Bluza Damska Classic Fll ZP;179.99;https://img.citysport.com.pl/product_img_thumbs_position/cbx350x525/new_balance_classic_fll_WJ63550DDH__1_.jpg,https://img.citysport.com.pl/product_img_thumbs_position/cbx350x525/new_balance_classic_fll_WJ63550DDH__2_.jpg;Bluza Damska;Rozmiary: XS, Kolor: Różowy, Sezon: Jesień/Zima;1;200;1;Odzież damska
895;Helly Hansen Bluza Damska;299.99;https://img.citysport.com.pl/product_img_thumbs_position/cbx350x525/helly_hansen_267O069300__1_.jpg,https://img.citysport.com.pl/product_img_thumbs_position/cbx350x525/helly_hansen_267O069300__3_.jpg;Bluza Damska;Rozmiary:  L  M  XL  XXL S, Kolor: Czarny, Sezon: Jesień/Zima;1;200;1;Odzież damska
896;Reebok Bluza Damska Studio Lux Ribbed Crew;139.99;https://img.citysport.com.pl/product_img_thumbs_position/cbx350x525/reebok_s_lux_coverup_S93793__1_.jpg,https://img.citysport.com.pl/product_img_thumbs_position/cbx350x525/reebok_s_lux_coverup_S93793__3_.jpg;Bluza Damska;Rozmiary:  L  M  S XS, Kolor: Szary, Sezon: Jesień/Zima;1;200;1;Odzież damska
897;adidas Bluza Damska Active Pullover W;199.99;https://img.citysport.com.pl/product_img_thumbs_position/cbx350x525/reebok_ak_pullover_w_AX5892__1_.jpg,https://img.citysport.com.pl/product_img_thumbs_position/cbx350x525/reebok_ak_pullover_w_AX5892__3_.jpg;Bluza Damska;Rozmiary:  L  M S, Kolor: Różowy, Sezon: Jesień/Zima;1;200;1;Odzież damska
898;Reebok Bluza Damska Workout Ready Long Sleeve 1/2 Zip;119.99;https://img.citysport.com.pl/product_img_thumbs_position/cbx350x525/reebok_wor_fitted_zip_AY1942__1_.jpg,https://img.citysport.com.pl/product_img_thumbs_position/cbx350x525/reebok_wor_fitted_zip_AY1942__3_.jpg;Bluza Damska;Rozmiary:  L  M  S  XL XS, Kolor: Szary, Sezon: Jesień/Zima;1;200;1;Odzież damska
899;Reebok Bluza Damska ONE Series Speedwick Track;149.99;https://img.citysport.com.pl/product_img_thumbs_position/cbx350x525/reebok_os_track_jkt_AX9568__1_.jpg,https://img.citysport.com.pl/product_img_thumbs_position/cbx350x525/reebok_os_track_jkt_AX9568__3_.jpg;Bluza Damska;Rozmiary:  L  XL M, Kolor: Grafitowy, Sezon: Jesień/Zima;1;200;1;Odzież damska
900;adidas Bluza Damska Z.N.E Hoody;319.99;https://img.citysport.com.pl/product_img_thumbs_position/cbx350x525/Bluza_adidas_ZNE_HOODY_S95345__3_~1.jpg,https://img.citysport.com.pl/product_img_thumbs_position/cbx350x525/Bluza_adidas_ZNE_HOODY_S95345__4_.jpg;Bluza Damska;Rozmiary:  L  M  S XS, Kolor: Czarny, Sezon: Wiosna/Lato;1;200;1;Odzież damska
901;Reebok Bluza Damska Workout CS OthReady BL Graphic LW Hood;149.99;https://img.citysport.com.pl/product_img_thumbs_position/cbx350x525/reebok_wor_cs_oth_AY1912__1_.jpg,https://img.citysport.com.pl/product_img_thumbs_position/cbx350x525/reebok_wor_cs_oth_AY1912__3_.jpg;Bluza Damska;Rozmiary:  L  M  S XS, Kolor: Czarny, Sezon: Jesień/Zima;1;200;1;Odzież damska
902;Converse Bluza Damska AWK Stencil LL Full Zip;129.99;https://img.citysport.com.pl/product_img_thumbs_position/cbx350x525/converse_awk_stencil_ll_full_zip_12026C035__1_.jpg,https://img.citysport.com.pl/product_img_thumbs_position/cbx350x525/converse_awk_stencil_ll_full_zip_12026C035__4_.jpg;Bluza Damska;Rozmiary: XS, Kolor: Szary, Sezon: Jesień/Zima;1;200;1;Odzież damska
903;Reebok Bluza Damska Elements Fleece Full Zip;169.99;https://img.citysport.com.pl/product_img_thumbs_position/cbx350x525/reebok_rl_ft_full_zip_AJ3771__1_.jpg,https://img.citysport.com.pl/product_img_thumbs_position/cbx350x525/reebok_rl_ft_full_zip_AJ3771__3_.jpg;Bluza Damska;Rozmiary:  L  M  S XS, Kolor: Szary, Sezon: Wiosna/Lato;1;200;1;Odzież damska
904;Bluza Nike Sportswear W Hoodie Full Zip Jersey "Grey" (614829-066);169.99;https://img.citysport.com.pl/product_img_thumbs_position/cbx350x525/nike_nsw_hoodie_fz_jrsy_614829_066__1_.jpg,https://img.citysport.com.pl/product_img_thumbs_position/cbx350x525/nike_nsw_hoodie_fz_jrsy_614829_066__3_.jpg;Bluza Damska;Rozmiary:  L  M  S XS, Kolor: Szary, Sezon: Wiosna/Lato;1;200;1;Odzież damska
905;Reebok Bluza Damska Elements Fleece Full Zip Hoodie;89.99;https://img.citysport.com.pl/product_img_thumbs_position/cbx350x525/reebok_el_fleece_fz_Z63608__1_.jpg,https://img.citysport.com.pl/product_img_thumbs_position/cbx350x525/reebok_el_fleece_fz_Z63608__3_.jpg;Bluza Damska;Rozmiary: XXS, Kolor: Czarny, Sezon: Wiosna/Lato;1;200;1;Odzież damska
906;Reebok Bluza Damska Elements Full Zip Hoodie;109.0;https://img.citysport.com.pl/product_img_thumbs_position/cbx350x525/reebok_el_ft_full_zip_AJ3772__1_.jpg,https://img.citysport.com.pl/product_img_thumbs_position/cbx350x525/reebok_el_ft_full_zip_AJ3772__3_.jpg;Bluza Damska;Rozmiary:  M  S XS, Kolor: Zielony, Sezon: Wiosna/Lato;1;200;1;Odzież damska
907;Nike Bluza Damska Tech Fleece FZ Hoodie;199.99;https://img.citysport.com.pl/product_img_thumbs_position/cbx350x525/nike_nike_tech_fleece_fz_hoodie_806329_457__1_.jpg,https://img.citysport.com.pl/product_img_thumbs_position/cbx350x525/nike_nike_tech_fleece_fz_hoodie_806329_457__3_.jpg;Bluza Damska;Rozmiary:  L  M  S XS, Kolor: Granatowy, Sezon: Wiosna/Lato;1;200;1;Odzież damska
908;adidas Bluza Damska Slim Hooded TT;179.99;https://img.citysport.com.pl/product_img_thumbs_position/cbx350x525/adidas_slim_hooded_tt_F77913__1_.jpg,https://img.citysport.com.pl/product_img_thumbs_position/cbx350x525/adidas_slim_hooded_tt_F77913__3_.jpg;Bluza Damska;Rozmiary:  L  M  S XS, Kolor: Niebieski, Sezon: Wiosna/Lato;1;200;1;Odzież damska
909;adidas Bluza Damska Pure X Jkt Womens;229.99;https://img.citysport.com.pl/product_img_thumbs_position/cbx350x525/adidas_pure_x_jkt_w_AP9775__1_.jpg,https://img.citysport.com.pl/product_img_thumbs_position/cbx350x525/adidas_pure_x_jkt_w_AP9775__3_.jpg;Bluza Damska;Rozmiary:  L  M  S XS, Kolor: Beżowy, Sezon: Wiosna/Lato;1;200;1;Odzież damska
910;adidas Bluza Damska Daybreaker Hood;199.99;https://img.citysport.com.pl/product_img_thumbs_position/cbx350x525/adidas_daybreaker_hood_AK1557__1_.jpg,https://img.citysport.com.pl/product_img_thumbs_position/cbx350x525/adidas_daybreaker_hood_AK1557__3_.jpg;Bluza Damska;Rozmiary:  L  M  S XS, Kolor: Szary, Sezon: Wiosna/Lato;1;200;1;Odzież damska
911;adidas Bluza Damska Track Denim Sweat;179.99;https://img.citysport.com.pl/product_img_thumbs_position/cbx350x525/adidas_tr_denim_sweat_AJ7195__1_.jpg,https://img.citysport.com.pl/product_img_thumbs_position/cbx350x525/adidas_tr_denim_sweat_AJ7195__3_.jpg;Bluza Damska;Rozmiary: XL, Kolor: Granatowy, Sezon: Wiosna/Lato;1;200;1;Odzież damska
912;Reebok Bluza Damska One Series Track Jacket Us;119.99;https://img.citysport.com.pl/product_img_thumbs_position/cbx350x525/reebok_os_trk_jkt_us_AJ0716__1_.jpg,https://img.citysport.com.pl/product_img_thumbs_position/cbx350x525/reebok_os_trk_jkt_us_AJ0716__3_.jpg;Bluza Damska;Rozmiary:  XL L, Kolor: Grafitowy, Sezon: Wiosna/Lato;1;200;1;Odzież damska
913;Reebok Bluza Damska Y Camo Crew;109.99;https://img.citysport.com.pl/product_img_thumbs_position/cbx350x525/reebok_y_camo_crew_AJ1171__1_.jpg,https://img.citysport.com.pl/product_img_thumbs_position/cbx350x525/reebok_y_camo_crew_AJ1171__3_.jpg;Bluza Damska;Rozmiary: XS, Kolor: Żółty , Pomarańczowy , Fioletowy, Sezon: Wiosna/Lato;1;200;1;Odzież damska
914;Reebok Bluza Damska Wor Zip Hood;119.99;https://img.citysport.com.pl/product_img_thumbs_position/cbx350x525/reebok_wor_zip_hood_AJ3405__1_.jpg,https://img.citysport.com.pl/product_img_thumbs_position/cbx350x525/reebok_wor_zip_hood_AJ3405__3_.jpg;Bluza Damska;Rozmiary:  L  M  S XS, Kolor: Szary, Sezon: Wiosna/Lato;1;200;1;Odzież damska
915;Columbia Bluza Damska Darling Days Pullover Hoodie;159.99;https://img.citysport.com.pl/product_img_thumbs_position/cbx350x525/columbia_darling_days_pullover_hoodie_AL1512562__1_.jpg,https://img.citysport.com.pl/product_img_thumbs_position/cbx350x525/columbia_darling_days_pullover_hoodie_AL1512562__4_.jpg;Bluza Damska;Rozmiary:  L  M  XL S, Kolor: Fioletowy, Sezon: Jesień/Zima;1;200;1;Odzież damska
916;Columbia Bluza Damska Glacial Fleece III Hoodie;99.99;https://img.citysport.com.pl/product_img_thumbs_position/cbx350x525/columbia_glacial_fleece_hoodie_AL6439010__1_.jpg,https://img.citysport.com.pl/product_img_thumbs_position/cbx350x525/columbia_glacial_fleece_hoodie_AL6439010__3_.jpg;Bluza Damska;Rozmiary:  M  S XS, Kolor: Czarny, Sezon: Jesień/Zima;1;200;1;Odzież damska
917;Columbia Bluza Damska Pearl Plush II Fleece;179.99;https://img.citysport.com.pl/product_img_thumbs_position/cbx350x525/columbia_pearl_plush_fleece_EL6018591__1_.jpg,https://img.citysport.com.pl/product_img_thumbs_position/cbx350x525/columbia_pearl_plush_fleece_EL6018591__3_.jpg;Bluza Damska;Rozmiary: XL, Kolor: Granatowy, Sezon: Jesień/Zima;1;200;1;Odzież damska
918;adidas Bluza Damska Graphic Jacket;139.99;https://img.citysport.com.pl/product_img_thumbs_position/cbx350x525/adidas_graphic_jacket_AB0110__1_.jpg,https://img.citysport.com.pl/product_img_thumbs_position/cbx350x525/adidas_graphic_jacket_AB0110__3_.jpg;Bluza Damska;Rozmiary:  L  M  S XS, Kolor: Czarny , Niebieski , Zielony, Sezon: Jesień/Zima;1;200;1;Odzież damska
919;Le Coq Sportif Bluza Damska Marilica Crew Sweat W;89.99;https://img.citysport.com.pl/product_img_thumbs_position/cbx350x525/le_coq_sportif_marilia_crew_sweat_w_black_1520156__1_.jpg,https://img.citysport.com.pl/product_img_thumbs_position/cbx350x525/le_coq_sportif_marilia_crew_sweat_w_black_1520156__3_.jpg;Bluza Damska;Rozmiary:  M  S XS, Kolor: Czarny, Sezon: Jesień/Zima;1;200;1;Odzież damska
920;Le Coq Sportif Bluza Damska Marilica Crew Sweat W Heather Beton;89.99;https://img.citysport.com.pl/product_img_thumbs_position/cbx350x525/le_coq_sportif_marilia_crew_sweat_w_1520246__1_.jpg,https://img.citysport.com.pl/product_img_thumbs_position/cbx350x525/le_coq_sportif_marilia_crew_sweat_w_1520246__3_.jpg;Bluza Damska;Rozmiary:  L  M  S XS, Kolor: Szary, Sezon: Jesień/Zima;1;200;1;Odzież damska
921;Columbia Bluza Damska OuterSpaced Full Zip Hoodie;99.99;https://img.citysport.com.pl/product_img_thumbs_position/cbx350x525/columbia_outer_spaced_full_zip_hoodie_AL6935100__1_.jpg,https://img.citysport.com.pl/product_img_thumbs_position/cbx350x525/columbia_outer_spaced_full_zip_hoodie_AL6935100__4_.jpg;Bluza Damska;Rozmiary:  XL L, Kolor: Szary, Sezon: Wiosna/Lato;1;200;1;Odzież damska
922;Kappa Bluza Damska Tatum;59.99;https://img.citysport.com.pl/product_img_thumbs_position/cbx350x525/kappa_tatum_303354_895__1_.jpg,https://img.citysport.com.pl/product_img_thumbs_position/cbx350x525/kappa_tatum_303354_895__4_.jpg;Bluza Damska;Rozmiary:  L  M S, Kolor: Niebieski, Sezon: Wiosna/Lato;1;200;1;Odzież damska
923;Reebok Bluza Damska RR Crew Sweat;99.99;https://img.citysport.com.pl/product_img_thumbs_position/cbx350x525/reebok_rr_crew_sweat_S01408__1_.jpg,https://img.citysport.com.pl/product_img_thumbs_position/cbx350x525/reebok_rr_crew_sweat_S01408__3_.jpg;Bluza Damska;Rozmiary:  L  M  S XS, Kolor: Szary, Sezon: Wiosna/Lato;1;200;1;Odzież damska
924;adidas Bluza Damska Ultra Jacket W;189.99;https://img.citysport.com.pl/product_img_thumbs_position/cbx350x525/adidas_ultra_jacket_w_S15676__1_.jpg,https://img.citysport.com.pl/product_img_thumbs_position/cbx350x525/adidas_ultra_jacket_w_S15676__4_.jpg;Bluza Damska;Rozmiary:  S XS, Kolor: Czarny , Szary, Sezon: Wiosna/Lato;1;200;1;Odzież damska
925;Nike Bluza Damska Rally Crew;99.99;https://img.citysport.com.pl/product_img_thumbs_position/cbx350x525/nike_rally_crew_642715_413__1_.jpg,https://img.citysport.com.pl/product_img_thumbs_position/cbx350x525/nike_rally_crew_642715_413__3_.jpg;Bluza Damska;Rozmiary: M, Kolor: Niebieski, Sezon: Wiosna/Lato;1;200;1;Odzież damska
926;Nike Bluza Damska Rally FZ Hoody-Aop;149.99;https://img.citysport.com.pl/product_img_thumbs_position/cbx350x525/nike_rally_fz_hoody_aop_642740_413__1_.jpg,https://img.citysport.com.pl/product_img_thumbs_position/cbx350x525/nike_rally_fz_hoody_aop_642740_413__3_.jpg;Bluza Damska;Rozmiary:  L M, Kolor: Niebieski, Sezon: Wiosna/Lato;1;200;1;Odzież damska
927;adidas Bluza Damska Superstar TT;179.99;https://img.citysport.com.pl/product_img_thumbs_position/cbx350x525/adidas_superstar_tt_S19871__1_.jpg,https://img.citysport.com.pl/product_img_thumbs_position/cbx350x525/adidas_superstar_tt_S19871__3_.jpg;Bluza Damska;Rozmiary:  XL L, Kolor: Szary , Fioletowy, Sezon: Wiosna/Lato;1;200;1;Odzież damska
928;Reebok Bluza Damska DSR Polar FLC;99.99;https://img.citysport.com.pl/product_img_thumbs_position/cbx350x525/reebok_dsr_polar_flc_Z73495__1_.jpg,https://img.citysport.com.pl/product_img_thumbs_position/cbx350x525/reebok_dsr_polar_flc_Z73495__3_.jpg;Bluza Damska;Rozmiary:  L  M S, Kolor: Czarny, Sezon: Wiosna/Lato;1;200;1;Odzież damska
929;Reebok Bluza Damska PP Crew Neck;99.99;https://img.citysport.com.pl/product_img_thumbs_position/cbx350x525/reebok_pp_crew_neck_S01356__1_.jpg,https://img.citysport.com.pl/product_img_thumbs_position/cbx350x525/reebok_pp_crew_neck_S01356__3_.jpg;Bluza Damska;Rozmiary: XS, Kolor: Czarny, Sezon: Wiosna/Lato;1;200;1;Odzież damska
930;Puma Bluza Damska Originals T7 Track Jacket;99.99;https://img.citysport.com.pl/product_img_thumbs_position/cbx350x525/puma_originals_t7_track_jacket_55242104__1_.jpg,https://img.citysport.com.pl/product_img_thumbs_position/cbx350x525/puma_originals_t7_track_jacket_55242104__3_.jpg;Bluza Damska;Rozmiary: XS, Kolor: Czarny, Sezon: Wiosna/Lato;1;200;1;Odzież damska
931;Reebok Bluza Damska Core W Jacket;69.99;https://img.citysport.com.pl/product_img_thumbs_position/cbx350x525/reebok_core_jacket_K34223__1_.jpg,https://img.citysport.com.pl/product_img_thumbs_position/cbx350x525/reebok_core_jacket_K34223__3_.jpg;Bluza Damska;Rozmiary: S, Kolor: Czarny, Sezon: Wiosna/Lato;1;200;1;Odzież damska
932;Reebok Bluza Damska DF Coverup;69.99;https://img.citysport.com.pl/product_img_thumbs_position/cbx350x525/reebok_df_coveruo_Z93543__1_.jpg,https://img.citysport.com.pl/product_img_thumbs_position/cbx350x525/reebok_df_coveruo_Z93543__3_.jpg;Bluza Damska;Rozmiary:  L  M  S XS, Kolor: Pomarańczowy, Sezon: Jesień/Zima;1;200;1;Odzież damska
933;Reebok Bluza Damska F Fleece OTH HD;99.99;https://img.citysport.com.pl/product_img_thumbs_position/cbx350x525/reebok_f_fleece_oth_hd_S01368__1_.jpg,https://img.citysport.com.pl/product_img_thumbs_position/cbx350x525/reebok_f_fleece_oth_hd_S01368__3_.jpg;Bluza Damska;Rozmiary: XS, Kolor: Szary, Sezon: Jesień/Zima;1;200;1;Odzież damska
934;Koszulka Outhorn Compact + Fitness "Coral";59.99;https://img.citysport.com.pl/product_img_thumbs_position/cbx350x525/TSDF602715__2_~1.jpg,https://img.citysport.com.pl/product_img_thumbs_position/cbx350x525/TSDF602715__5_.jpg;Koszulka Damska;Rozmiary:  M S, Kolor: Czerwony, Sezon: Jesień/Zima;1;200;1;Odzież damska
935;Koszulka Puma Archive Logo Tee "Black";119.99;https://img.citysport.com.pl/product_img_thumbs_position/cbx350x525/57290561__2_~3.jpg,https://img.citysport.com.pl/product_img_thumbs_position/cbx350x525/57290561__5_~1.jpg;Koszulka Damska;Rozmiary:  L  M  S XS, Kolor: Czarny, Sezon: Jesień/Zima;1;200;1;Odzież damska
936;Koszulka Outhorn Breathless "White";49.99;https://img.citysport.com.pl/product_img_thumbs_position/cbx350x525/TSD6160__2_~1.jpg,https://img.citysport.com.pl/product_img_thumbs_position/cbx350x525/TSD6160__5_.jpg;Koszulka Damska;Rozmiary:  L S, Kolor: Biały, Sezon: Jesień/Zima;1;200;1;Odzież damska
937;Koszulka Outhorn Compact "Blue";29.99;https://img.citysport.com.pl/product_img_thumbs_position/cbx350x525/TSD6001496__2_~1.jpg,https://img.citysport.com.pl/product_img_thumbs_position/cbx350x525/TSD6001496__5_.jpg;Koszulka Damska;Rozmiary:  L S, Kolor: Niebieski, Sezon: Jesień/Zima;1;200;1;Odzież damska
938;Koszulka Puma Arhive Logo Tee "Olive Night";119.99;https://img.citysport.com.pl/product_img_thumbs_position/cbx350x525/57290514__1_~1.jpg,https://img.citysport.com.pl/product_img_thumbs_position/cbx350x525/57290514__4_.jpg;Koszulka Damska;Rozmiary:  L  M  S XS, Kolor: Zielony, Sezon: Jesień/Zima;1;200;1;Odzież damska
939;Koszulka Converse Floral CP Fill Crew Tee "Pink";129.99;https://img.citysport.com.pl/product_img_thumbs_position/cbx350x525/10004602A01__1_.jpg,https://img.citysport.com.pl/product_img_thumbs_position/cbx350x525/10004602A01__4_~1.jpg;Koszulka Damska;Rozmiary:  L  M  S XS, Kolor: Różowy, Sezon: Jesień/Zima;1;200;1;Odzież damska
940;Koszulka Puma URBAN SPORTS Trend Tee "Olive Night";89.99;https://img.citysport.com.pl/product_img_thumbs_position/cbx350x525/59398214__2_~1.jpg,https://img.citysport.com.pl/product_img_thumbs_position/cbx350x525/59398214__4_.jpg;Koszulka Damska;Rozmiary:  L  M  S XS, Kolor: Zielony, Sezon: Jesień/Zima;1;200;1;Odzież damska
941;Koszulka Reebok Mesh Longsleeve Tee "Black";169.99;https://img.citysport.com.pl/product_img_thumbs_position/cbx350x525/BQ5838_APP_on_model_back_white.jpg,https://img.citysport.com.pl/product_img_thumbs_position/cbx350x525/BQ5838_APP_on_model_front_white_kafel~1.jpg;Koszulka Damska;Rozmiary:  L  M  S XS, Kolor: Czarny, Sezon: Jesień/Zima;1;200;1;Odzież damska
942;Koszulka Reebok Elements Tee "White";79.99;https://img.citysport.com.pl/product_img_thumbs_position/cbx350x525/BK3842_APP_on_model_back_white.jpg,https://img.citysport.com.pl/product_img_thumbs_position/cbx350x525/BK3842_APP_on_model_front_white_kafel~1.jpg;Koszulka Damska;Rozmiary:  L  M  S XS, Kolor: Biały, Sezon: Jesień/Zima;1;200;1;Odzież damska
943;Koszulka Reebok Mesh Tee "Chalk S14-R";169.99;https://img.citysport.com.pl/product_img_thumbs_position/cbx350x525/BR8997_APP_on_model_back_white.jpg,https://img.citysport.com.pl/product_img_thumbs_position/cbx350x525/BR8997_APP_on_model_front_white_kafel~1.jpg;Koszulka Damska;Rozmiary:  L  M  S XS, Kolor: Beżowy, Sezon: Jesień/Zima;1;200;1;Odzież damska
944;Koszulka Reebok Mesh Tee "Black";169.99;https://img.citysport.com.pl/product_img_thumbs_position/cbx350x525/BQ8221_APP_on_model_back_white.jpg,https://img.citysport.com.pl/product_img_thumbs_position/cbx350x525/BQ8221_APP_on_model_front_white_kafel~1.jpg; ;Rozmiary:  L  M  S XS, Kolor: Czarny, Sezon: Jesień/Zima;1;200;1;Odzież damska
945;Koszulka Reebok ACTIVChill Long Sleeve Cropped Compression "Chalk S14-R";179.99;https://img.citysport.com.pl/product_img_thumbs_position/cbx350x525/BR2606_APP_on_model_back_white.jpg,https://img.citysport.com.pl/product_img_thumbs_position/cbx350x525/BR2606_APP_on_model_front_white_kafel~1.jpg;Koszulka Damska;Rozmiary:  L  M  S XS, Kolor: Czarny, Sezon: Jesień/Zima;1;200;1;Odzież damska
946;Koszulka Reebok Elements Logo Marble Tee "Sandy Rose F17-R";99.99;https://img.citysport.com.pl/product_img_thumbs_position/cbx350x525/BS4049_APP_on_model_back_white.jpg,https://img.citysport.com.pl/product_img_thumbs_position/cbx350x525/BS4049_APP_on_model_front_white_kafel~1.jpg; ;Rozmiary: XS, Kolor: Różowy, Sezon: Jesień/Zima;1;200;1;Odzież damska
947;Koszulka adidas T-SHIRT "Grey";129.99;https://img.citysport.com.pl/product_img_thumbs_position/cbx350x525/BS0763_APP_on_model_back_white.jpg,https://img.citysport.com.pl/product_img_thumbs_position/cbx350x525/BS0763_APP_on_model_standard_white_kafel_1_kcz2.jpg;Koszulka Damska;Rozmiary:  L  M  XL S, Kolor: Szary, Sezon: Jesień/Zima;1;200;1;Odzież damska
948;Koszulka Reebok Grid Print Tee "Black";149.99;https://img.citysport.com.pl/product_img_thumbs_position/cbx350x525/BR2736_APP_on_model_back_white.jpg,https://img.citysport.com.pl/product_img_thumbs_position/cbx350x525/BR2736_APP_on_model_front_white_kafel~1.jpg;Koszulka Damska;Rozmiary:  L  M  S  XL XS, Kolor: Czarny, Sezon: Jesień/Zima;1;200;1;Odzież damska
949;Koszulka Reebok Tee - Stone Wash "Sandy Rose F17-R";149.99;https://img.citysport.com.pl/product_img_thumbs_position/cbx350x525/BR4336_APP_on_model_back_white.jpg,https://img.citysport.com.pl/product_img_thumbs_position/cbx350x525/BR4336_APP_on_model_front_white_kafel~1.jpg;Koszulka Damska;Rozmiary:  L  M  S XS, Kolor: Różowy, Sezon: Jesień/Zima;1;200;1;Odzież damska
950;Koszulka Converse D. Core Solid Chuck Patch Crew "Maroon";109.99;https://img.citysport.com.pl/product_img_thumbs_position/cbx350x525/10001124A12__2_~1.jpg,https://img.citysport.com.pl/product_img_thumbs_position/cbx350x525/10001124A12__5_.jpg;Koszulka Damska;Rozmiary:  L  M  S XS, Kolor: Bordowy, Sezon: Jesień/Zima;1;200;1;Odzież damska
951;Koszulka Converse D. Core Solid Chuck Patch Crew "White";109.99;https://img.citysport.com.pl/product_img_thumbs_position/cbx350x525/10001124A05__1_.jpg,https://img.citysport.com.pl/product_img_thumbs_position/cbx350x525/10001124A05__3_~1.jpg;Koszulka Damska;Rozmiary:  L  M  S XS, Kolor: Biały, Sezon: Jesień/Zima;1;200;1;Odzież damska
952;Koszulka Nike D.W NSW TOP CROP SWOOSH "Black";99.99;https://img.citysport.com.pl/product_img_thumbs_position/cbx350x525/872058_010_PHSBH001_3144.jpg,https://img.citysport.com.pl/product_img_thumbs_position/cbx350x525/872058_010_PHSFH001_3144_kafel~1.jpg;Koszulka Damska;Rozmiary:  L  XL S, Kolor: Czarny, Sezon: Wiosna/Lato;1;200;1;Odzież damska
953;Koszulka Nike D.W NSW TEE CREW Just Do It Tangrams "Black";79.99;https://img.citysport.com.pl/product_img_thumbs_position/cbx350x525/834777_010_PHSBH001_3144~1.jpg,https://img.citysport.com.pl/product_img_thumbs_position/cbx350x525/834777_010_PHSFH001_3144_kafel~1.jpg;Koszulka Damska;Rozmiary: S, Kolor: Czarny, Sezon: Wiosna/Lato;1;200;1;Odzież damska
954;Koszulka Nike D.W NSW TOP CROP SWOOSH "White";99.99;https://img.citysport.com.pl/product_img_thumbs_position/cbx350x525/872058_100_PHSBH001_3144.jpg,https://img.citysport.com.pl/product_img_thumbs_position/cbx350x525/872058_100_PHSFH001_3144_kafel~1.jpg;Koszulka Damska;Rozmiary:  XL L, Kolor: Biały, Sezon: Wiosna/Lato;1;200;1;Odzież damska
955;Koszulka Puma Essential Graphic Layer Tank "Black";99.99;https://img.citysport.com.pl/product_img_thumbs_position/cbx350x525/51466304__2_~1.jpg,https://img.citysport.com.pl/product_img_thumbs_position/cbx350x525/51466304__5_.jpg;Koszulka Damska;Rozmiary:  L  M  S XS, Kolor: Czarny, Sezon: Jesień/Zima;1;200;1;Odzież damska
956;Koszulka Puma Essential Graphic Layer Tank "Black";99.99;https://img.citysport.com.pl/product_img_thumbs_position/cbx350x525/51466303__2_~1.jpg,https://img.citysport.com.pl/product_img_thumbs_position/cbx350x525/51466303__5_.jpg;Koszulka Damska;Rozmiary:  L  M  S  XL XS, Kolor: Czarny, Sezon: Jesień/Zima;1;200;1;Odzież damska
957;Koszulka Outhorn SPORT "Black";39.99;https://img.citysport.com.pl/product_img_thumbs_position/cbx350x525/TSDF60060__2_~1.jpg,https://img.citysport.com.pl/product_img_thumbs_position/cbx350x525/TSDF60060__5_.jpg;Koszulka Damska;Rozmiary:  L  M  S XS, Kolor: Czarny, Sezon: Jesień/Zima;1;200;1;Odzież damska
958;Koszulka Outhorn SPORT "Pink";39.99;https://img.citysport.com.pl/product_img_thumbs_position/cbx350x525/TSDF6002037__2_~1.jpg,https://img.citysport.com.pl/product_img_thumbs_position/cbx350x525/TSDF6002037__5_.jpg;Koszulka Damska;Rozmiary:  L  M  S XS, Kolor: Różowy, Sezon: Jesień/Zima;1;200;1;Odzież damska
959;Koszulka Outhorn SPORT "Grey";39.99;https://img.citysport.com.pl/product_img_thumbs_position/cbx350x525/TSDF6001945__2_~1.jpg,https://img.citysport.com.pl/product_img_thumbs_position/cbx350x525/TSDF6001945__5_.jpg;Koszulka Damska;Rozmiary:  L  M  S XS, Kolor: Szary, Sezon: Jesień/Zima;1;200;1;Odzież damska
960;Stanik Nike Classic Swoosh "Powder Pink";119.99;https://img.citysport.com.pl/product_img_thumbs_position/cbx350x525/842398_644__1__kafel~1.jpg,https://img.citysport.com.pl/product_img_thumbs_position/cbx350x525/842398_644__2_.jpg;Stanik Sportowy;Rozmiary:  L  M  S XS, Kolor: Różowy, Sezon: Jesień/Zima;1;200;1;Odzież damska
961;Stanik Reebok Hero Rebel Bra Cymatic "Black";149.99;https://img.citysport.com.pl/product_img_thumbs_position/cbx350x525/BR2682_APP_on_model_back_white.jpg,https://img.citysport.com.pl/product_img_thumbs_position/cbx350x525/BR2682_APP_on_model_front_white_kafel~1.jpg;Stanik Sportowy;Rozmiary:  S XS, Kolor: Czarny, Sezon: Jesień/Zima;1;200;1;Odzież damska
962;Koszulka adidas BF Trefoil Roll Up "White";129.99;https://img.citysport.com.pl/product_img_thumbs_position/cbx350x525/BP5471_APP_on_model_back_white.jpg,https://img.citysport.com.pl/product_img_thumbs_position/cbx350x525/BP5471_APP_on_model_standard_white~1.jpg;Koszulka Damska;Rozmiary:  L  M  XL S, Kolor: Biały, Sezon: Jesień/Zima;1;200;1;Odzież damska
963;Koszulka adidas BF Roll Up "White";149.99;https://img.citysport.com.pl/product_img_thumbs_position/cbx350x525/BR9384_APP_on_model_back_white.jpg,https://img.citysport.com.pl/product_img_thumbs_position/cbx350x525/BR9384_APP_on_model_standard_white~1.jpg;Koszulka Damska;Rozmiary:  L  M  XL S, Kolor: Biały;1;200;1;Odzież damska
964;Koszulka adidas BF Trefoil Roll Up Tee "Black Noir";129.99;https://img.citysport.com.pl/product_img_thumbs_position/cbx350x525/BP9366_APP_on_model_back_white.jpg,https://img.citysport.com.pl/product_img_thumbs_position/cbx350x525/BP9366_APP_on_model_standard_white_kafel~1.jpg;Koszulka Damska;Rozmiary:  L  M  S  XL XS, Kolor: Czarny, Sezon: Jesień/Zima;1;200;1;Odzież damska
965;Stanik adidas Supernova X Bra "Ray Pink F16";149.99;https://img.citysport.com.pl/product_img_thumbs_position/cbx350x525/AX5937_APP_on_model_back_gradient.jpg,https://img.citysport.com.pl/product_img_thumbs_position/cbx350x525/AX5937_APP_on_model_standard_gradient~1.jpg;Stanik Sportowy;Rozmiary:  L  M  S XS, Kolor: Różowy, Sezon: Jesień/Zima;1;200;1;Odzież damska
966;Stanik Nike Classic Swoosh "Black";119.99;https://img.citysport.com.pl/product_img_thumbs_position/cbx350x525/842398_010__1__kafel~1.jpg,https://img.citysport.com.pl/product_img_thumbs_position/cbx350x525/842398_010__2_.jpg;Stanik Sportowy;Rozmiary:  L  M  S XS, Kolor: Czarny, Sezon: Jesień/Zima;1;200;1;Odzież damska
967;Stanik Reebok High Impact BRA "FreeBlue";179.99;https://img.citysport.com.pl/product_img_thumbs_position/cbx350x525/BR2028__2_.jpg,https://img.citysport.com.pl/product_img_thumbs_position/cbx350x525/BR2028__6__kafel~1.jpg;Stanik Sportowy;Rozmiary:  S XS, Kolor: Niebieski, Sezon: Jesień/Zima;1;200;1;Odzież damska
968;Koszulka Reebok AC TEE "Lilsha";169.99;https://img.citysport.com.pl/product_img_thumbs_position/cbx350x525/CF2251__1_~1.jpg,https://img.citysport.com.pl/product_img_thumbs_position/cbx350x525/CF2251__2_.jpg;Koszulka Damska;Rozmiary:  L  M  S XS, Kolor: Fioletowy, Sezon: Jesień/Zima;1;200;1;Odzież damska
969;Koszulka adidas EA Boyfriend Tee Graphic "Cream White";229.99;https://img.citysport.com.pl/product_img_thumbs_position/cbx350x525/CV9429_APP_on_model_back_white.jpg,https://img.citysport.com.pl/product_img_thumbs_position/cbx350x525/CV9429_APP_on_model_standard_white_kafel~1.jpg;Koszulka Damska;Rozmiary:  L  S XXS, Kolor: Biały, Sezon: Jesień/Zima;1;200;1;Odzież damska
970;Koszulka adidas EK Tank Top "Red";149.99;https://img.citysport.com.pl/product_img_thumbs_position/cbx350x525/CV9433_APP_on_model_back_white.jpg,https://img.citysport.com.pl/product_img_thumbs_position/cbx350x525/CV9433_APP_on_model_standard_white_kafel~1.jpg;Koszulka Damska;Rozmiary:  L  S XXS, Kolor: Czerwony, Sezon: Jesień/Zima;1;200;1;Odzież damska
971;Koszulka New Balance Sketch Tee "White";79.99;https://img.citysport.com.pl/product_img_thumbs_position/cbx350x525/WT63524WT__2_~1.jpg,https://img.citysport.com.pl/product_img_thumbs_position/cbx350x525/WT63524WT__4_.jpg;Koszulka Damska;Rozmiary:  L XS, Kolor: Biały, Sezon: Wiosna/Lato;1;200;1;Odzież damska
972;Koszulka Converse "Pink";69.99;https://img.citysport.com.pl/product_img_thumbs_position/cbx350x525/10003364A03__3_~1.jpg,https://img.citysport.com.pl/product_img_thumbs_position/cbx350x525/10003364A03__5_.jpg;Koszulka Damska;Rozmiary:  L  M  S XS, Kolor: Różowy, Sezon: Wiosna/Lato;1;200;1;Odzież damska
973;Koszulka Outhorn "Pepper White";39.99;https://img.citysport.com.pl/product_img_thumbs_position/cbx350x525/TOL16TSD6160__2_~1.jpg,https://img.citysport.com.pl/product_img_thumbs_position/cbx350x525/TOL16TSD6160__3_.jpg;Koszulka Damska;Rozmiary:  M S, Kolor: Biały, Sezon: Wiosna/Lato;1;200;1;Odzież damska
974;Stanik Outhorn Fitness Trening "Pink";79.99;https://img.citysport.com.pl/product_img_thumbs_position/cbx350x525/TSDF6021987__2_~1.jpg,https://img.citysport.com.pl/product_img_thumbs_position/cbx350x525/TSDF6021987__4_.jpg;Stanik Sportowy;Rozmiary:  L  M  S  XL XS, Kolor: Różowy, Sezon: Wiosna/Lato;1;200;1;Odzież damska
975;Koszulka Reebok F Classic Tee "White";119.99;https://img.citysport.com.pl/product_img_thumbs_position/cbx350x525/BQ2518_APP_on_model_back_white.jpg,https://img.citysport.com.pl/product_img_thumbs_position/cbx350x525/BQ2518_APP_on_model_front_white_kafel~1.jpg;Koszulka Damska;Rozmiary:  L  M  S XS, Kolor: Biały, Sezon: Jesień/Zima;1;200;1;Odzież damska
976;Koszulka Reebok F GR TEE "Grey";129.99;https://img.citysport.com.pl/product_img_thumbs_position/cbx350x525/BS3728_APP_on_model_back_white.jpg,https://img.citysport.com.pl/product_img_thumbs_position/cbx350x525/BS3728_APP_on_model_side_white_kafel~1.jpg;Koszulka Damska;Rozmiary:  L  M  S XS, Kolor: Szary, Sezon: Jesień/Zima;1;200;1;Odzież damska
977;Koszulki Reebok F Classic Tee "Collegiate Navy";119.99;https://img.citysport.com.pl/product_img_thumbs_position/cbx350x525/BQ2504_APP_on_model_back_white.jpg,https://img.citysport.com.pl/product_img_thumbs_position/cbx350x525/BQ2504_APP_on_model_front_white_kafel~1.jpg;Koszulka Damska;Rozmiary:  L  M  S XS, Kolor: Granatowy, Sezon: Jesień/Zima;1;200;1;Odzież damska
978;Koszulka Reebok Elements Tee "Black";79.99;https://img.citysport.com.pl/product_img_thumbs_position/cbx350x525/BK8344__1_.jpg,https://img.citysport.com.pl/product_img_thumbs_position/cbx350x525/BK8344__2__kafel~1.jpg;Koszulka Damska;Rozmiary:  L  M  S XS, Kolor: Czarny, Sezon: Jesień/Zima;1;200;1;Odzież damska
979;Koszulka Reebok EL ELETEE "Sanros";79.99;https://img.citysport.com.pl/product_img_thumbs_position/cbx350x525/BQ5981__2_.jpg,https://img.citysport.com.pl/product_img_thumbs_position/cbx350x525/BQ5981__6__kafel~1.jpg;Koszulka Damska;Rozmiary:  L  M  S XS, Kolor: Różowy, Sezon: Jesień/Zima;1;200;1;Odzież damska
980;Koszulka Reebok SRW TANK "Elefla";129.99;https://img.citysport.com.pl/product_img_thumbs_position/cbx350x525/BR0010__1__kafel~1.jpg,https://img.citysport.com.pl/product_img_thumbs_position/cbx350x525/BR0010__2_.jpg;Koszulka Damska;Rozmiary:  M  S XS, Kolor: Żółty, Sezon: Jesień/Zima;1;200;1;Odzież damska
981;Koszulka Reebok SRW SS TEE 1 "URBPLU";129.99;https://img.citysport.com.pl/product_img_thumbs_position/cbx350x525/BR0007__1_.jpg,https://img.citysport.com.pl/product_img_thumbs_position/cbx350x525/BR0007__5__kafel~1.jpg;Koszulka Damska;Rozmiary:  L  M S, Kolor: Szary, Sezon: Jesień/Zima;1;200;1;Odzież damska
982;Stanik Reebok SF W BRA "Ironst";149.99;https://img.citysport.com.pl/product_img_thumbs_position/cbx350x525/BR2114__2_.jpg,https://img.citysport.com.pl/product_img_thumbs_position/cbx350x525/BR2114__6__kafel~1.jpg;Stanik Sportowy;Rozmiary:  M S, Kolor: Brązowy, Sezon: Jesień/Zima;1;200;1;Odzież damska
983;Koszulka Reebok Tank "Urban Grey S17-R";149.99;https://img.citysport.com.pl/product_img_thumbs_position/cbx350x525/BQ8215__2_.jpg,https://img.citysport.com.pl/product_img_thumbs_position/cbx350x525/BQ8215__6__kafel~1.jpg;Koszulka Damska;Rozmiary:  M  S XS, Kolor: Szary, Sezon: Wiosna/Lato;1;200;1;Odzież damska
984;Koszulka Reebok Tank "Chalk";149.99;https://img.citysport.com.pl/product_img_thumbs_position/cbx350x525/BR9001__2_.jpg,https://img.citysport.com.pl/product_img_thumbs_position/cbx350x525/BR9001__6__kafel~1.jpg;Koszulka Damska;Rozmiary:  M  S XS, Kolor: Biały, Sezon: Jesień/Zima;1;200;1;Odzież damska
985;Stanik Reebok Hero Power Bra "Emehaz";249.99;https://img.citysport.com.pl/product_img_thumbs_position/cbx350x525/BQ8182__2_.jpg,https://img.citysport.com.pl/product_img_thumbs_position/cbx350x525/BQ8182__6__kafel~1.jpg;Stanik Sportowy;Rozmiary:  M  S XS, Kolor: Zielony, Sezon: Jesień/Zima;1;200;1;Odzież damska
986;Koszulka Converse "White";79.99;https://img.citysport.com.pl/product_img_thumbs_position/cbx350x525/Koszulka_Converse_10001858102__1_~1.jpg,https://img.citysport.com.pl/product_img_thumbs_position/cbx350x525/Koszulka_Converse_10001858102__3_.jpg;Koszulka Damska;Rozmiary:  L  M S, Kolor: Biały, Sezon: Wiosna/Lato;1;200;1;Odzież damska
987;Koszulka New Balance Womens Trackster SS Top "Heather Grey";89.99;https://img.citysport.com.pl/product_img_thumbs_position/cbx350x525/Koszulka__New_Balance_Womens_Trackster_SS_Top_WT71645HGR__1_~1.jpg,https://img.citysport.com.pl/product_img_thumbs_position/cbx350x525/Koszulka__New_Balance_Womens_Trackster_SS_Top_WT71645HGR__3_.jpg;Koszulka Damska;Rozmiary:  L  M  S XS, Kolor: Szary, Sezon: Wiosna/Lato;1;200;1;Odzież damska
988;Koszulka Kappa Alosi "Marine";49.99;https://img.citysport.com.pl/product_img_thumbs_position/cbx350x525/Koszulka_Kappa_Alosi_303730__4_~1.jpg,https://img.citysport.com.pl/product_img_thumbs_position/cbx350x525/Koszulka_Kappa_Alosi_303730__6_.jpg;Koszulka Damska;Rozmiary:  L  M S, Kolor: Granatowy, Sezon: Wiosna/Lato;1;200;1;Odzież damska
989;Koszulka Outhorn Just Be #You "Karmin";49.99;https://img.citysport.com.pl/product_img_thumbs_position/cbx350x525/Koszulka_Outhorn_TOL16TSD6151026__4_~1.jpg,https://img.citysport.com.pl/product_img_thumbs_position/cbx350x525/Koszulka_Outhorn_TOL16TSD6151026__6_.jpg;Koszulka Damska;Rozmiary:  L S, Kolor: Czerwony, Sezon: Wiosna/Lato;1;200;1;Odzież damska
990;Koszulka Outhorn Boost Your Life "Pink";29.99;https://img.citysport.com.pl/product_img_thumbs_position/cbx350x525/Koszulka_Outhorn_TOL16TSD613810__4_~1.jpg,https://img.citysport.com.pl/product_img_thumbs_position/cbx350x525/Koszulka_Outhorn_TOL16TSD613810__6_.jpg;Koszulka Damska;Rozmiary:  L  XL M, Kolor: Różowy, Sezon: Wiosna/Lato;1;200;1;Odzież damska
991;Koszulka Outhorn "Fuksja";39.99;https://img.citysport.com.pl/product_img_thumbs_position/cbx350x525/Koszulka_Outhorn_TOL16TSD616820__4_~1.jpg,https://img.citysport.com.pl/product_img_thumbs_position/cbx350x525/Koszulka_Outhorn_TOL16TSD616820__6_.jpg;Koszulka Damska;Rozmiary: S, Kolor: Różowy, Sezon: Wiosna/Lato;1;200;1;Odzież damska
992;Koszulka Outhorn Past Modern "Black";29.99;https://img.citysport.com.pl/product_img_thumbs_position/cbx350x525/Koszulka_Outhorn_Past_Modern_TOL16TSD60960___1_~1.jpg,https://img.citysport.com.pl/product_img_thumbs_position/cbx350x525/Koszulka_Outhorn_Past_Modern_TOL16TSD60960___3_.jpg;Koszulka Damska;Rozmiary: S, Kolor: Czarny, Sezon: Wiosna/Lato;1;200;1;Odzież damska
993;Koszulka Outhorn #SMTH "Grey Melange";29.99;https://img.citysport.com.pl/product_img_thumbs_position/cbx350x525/Koszulka_Outhorn_TOL16TSD6091926__4_~1.jpg,https://img.citysport.com.pl/product_img_thumbs_position/cbx350x525/Koszulka_Outhorn_TOL16TSD6091926__6_.jpg;Koszulka Damska;Rozmiary:  XL L, Kolor: Szary, Sezon: Wiosna/Lato;1;200;1;Odzież damska
994;Koszulka Kappa Alosi "Zitrone";49.99;https://img.citysport.com.pl/product_img_thumbs_position/cbx350x525/Koszulka_Kappa_303730234__4_~1.jpg,https://img.citysport.com.pl/product_img_thumbs_position/cbx350x525/Koszulka_Kappa_303730234__6_.jpg;Koszulka Damska;Rozmiary:  L  M S, Kolor: Żółty, Sezon: Wiosna/Lato;1;200;1;Odzież damska
995;Koszulka Kappa Alosi "Blue Curacao";39.99;https://img.citysport.com.pl/product_img_thumbs_position/cbx350x525/Koszulka_Kappa_303730807__4_~1.jpg,https://img.citysport.com.pl/product_img_thumbs_position/cbx350x525/Koszulka_Kappa_303730807__6_.jpg;Koszulka Damska;Rozmiary:  L  M  XL S, Kolor: Niebieski, Sezon: Wiosna/Lato;1;200;1;Odzież damska
996;Koszulka Kappa Alosi "Grey";49.99;https://img.citysport.com.pl/product_img_thumbs_position/cbx350x525/Koszulka_New_Kappa_30373018M__4_~1.jpg,https://img.citysport.com.pl/product_img_thumbs_position/cbx350x525/Koszulka_New_Kappa_30373018M__6_.jpg;Koszulka Damska;Rozmiary:  L  M S, Kolor: Szary, Sezon: Wiosna/Lato;1;200;1;Odzież damska
997;Koszulka New Balance WMN SS Dots Tee "Grey";109.99;https://img.citysport.com.pl/product_img_thumbs_position/cbx350x525/Koszulka_New_Balance_AWT71657HGR__4_~1.jpg,https://img.citysport.com.pl/product_img_thumbs_position/cbx350x525/Koszulka_New_Balance_AWT71657HGR__6_.jpg;Koszulka Damska;Rozmiary:  L  M  S XS, Kolor: Szary, Sezon: Wiosna/Lato;1;200;1;Odzież damska
998;Koszulka Converse "Grey";89.99;https://img.citysport.com.pl/product_img_thumbs_position/cbx350x525/Koszulka_Converse_10001124A06__4_~1.jpg,https://img.citysport.com.pl/product_img_thumbs_position/cbx350x525/Koszulka_Converse_10001124A06__6_.jpg;Koszulka Damska;Rozmiary:  L  M  S XS, Kolor: Szary, Sezon: Wiosna/Lato;1;200;1;Odzież damska
999;Koszulka Kappa Alosi "Dark Purple";49.99;https://img.citysport.com.pl/product_img_thumbs_position/cbx350x525/Koszulka_Kappa_303730508__4_~1.jpg,https://img.citysport.com.pl/product_img_thumbs_position/cbx350x525/Koszulka_Kappa_303730508__6_.jpg;Koszulka Damska;Rozmiary:  L  M S, Kolor: Fioletowy, Sezon: Wiosna/Lato;1;200;1;Odzież damska
1000;Koszulka Nike Femme "Pink Panorama";99.99;https://img.citysport.com.pl/product_img_thumbs_position/cbx350x525/Koszulka_Nike_847531_607__4_~1.jpg,https://img.citysport.com.pl/product_img_thumbs_position/cbx350x525/Koszulka_Nike_847531_607__6_.jpg;Koszulka Damska;Rozmiary:  L  M  S XS, Kolor: Różowy, Sezon: Wiosna/Lato;1;200;1;Odzież damska
1001;Koszulka New Balance Sketch Tee "Green";89.99;https://img.citysport.com.pl/product_img_thumbs_position/cbx350x525/Koszulka_New_Balance_Sketch_Tee_Athletic_Grey_WT63524__4_~3.jpg,https://img.citysport.com.pl/product_img_thumbs_position/cbx350x525/Koszulka_New_Balance_Sketch_Tee_Athletic_Grey_WT63524__6_~1.jpg;Koszulka Damska;Rozmiary:  S XS, Kolor: Zielony, Sezon: Wiosna/Lato;1;200;1;Odzież damska
1002;Koszulka Converse Photo Fill Chuck Patch Tee A03 "White";89.99;https://img.citysport.com.pl/product_img_thumbs_position/cbx350x525/Koszulka_Converse_10003619A03__4_~1.jpg,https://img.citysport.com.pl/product_img_thumbs_position/cbx350x525/Koszulka_Converse_10003619A03__6_.jpg;Koszulka Damska;Rozmiary:  L  M  S XS, Kolor: Biały, Sezon: Wiosna/Lato;1;200;1;Odzież damska
1003;Koszulka Reebok Yoga French Terry Tee Women "Carotene S17-R";109.99;https://img.citysport.com.pl/product_img_thumbs_position/cbx350x525/BJ9759__3_~1.jpg,https://img.citysport.com.pl/product_img_thumbs_position/cbx350x525/BJ9759__5_.jpg;Koszulka Damska;Rozmiary:  L M, Kolor: Pomarańczowy, Sezon: Wiosna/Lato;1;200;1;Odzież damska
1004;Koszulka Reebok Yoga Muscle Tank "Chalk S14-R";79.99;https://img.citysport.com.pl/product_img_thumbs_position/cbx350x525/BK0501__2_~1.jpg,https://img.citysport.com.pl/product_img_thumbs_position/cbx350x525/BK0501__5_.jpg;Koszulka Damska;Rozmiary:  L M, Kolor: Biały, Sezon: Wiosna/Lato;1;200;1;Odzież damska
1005;Stanik Sportowy Reebok Hero Rebel Bra "Carotene S17-R";89.99;https://img.citysport.com.pl/product_img_thumbs_position/cbx350x525/BK2911__2_~1.jpg,https://img.citysport.com.pl/product_img_thumbs_position/cbx350x525/BK2911__4_.jpg;Stanik Sportowy;Rozmiary:  L  S XS, Kolor: Żółty, Sezon: Wiosna/Lato;1;200;1;Odzież damska
1006;Koszulka Reebok Running Essentials Tank Women "Solar Yellow";39.99;https://img.citysport.com.pl/product_img_thumbs_position/cbx350x525/AX9309__2_~1.jpg,https://img.citysport.com.pl/product_img_thumbs_position/cbx350x525/AX9309__5_.jpg;Koszulka Damska;Rozmiary:  XL L, Kolor: Żółty, Sezon: Wiosna/Lato;1;200;1;Odzież damska
1007;Koszulka adidas Aeroknit Boxy Crop Top Women "Tactile Blue S17";149.99;https://img.citysport.com.pl/product_img_thumbs_position/cbx350x525/BK2696__3_~1.jpg,https://img.citysport.com.pl/product_img_thumbs_position/cbx350x525/BK2696__5_.jpg;Koszulka Damska;Rozmiary:  L  M  XL S, Kolor: Niebieski, Sezon: Wiosna/Lato;1;200;1;Odzież damska
1008;Koszulka Nike Womens Femme "White";139.99;https://img.citysport.com.pl/product_img_thumbs_position/cbx350x525/Koszulka_Nike_829747_100__1_.jpg,https://img.citysport.com.pl/product_img_thumbs_position/cbx350x525/Koszulka_Nike_829747_100__2__kafel~1.jpg;Koszulka Damska;Rozmiary:  L  M S, Kolor: Biały, Sezon: Wiosna/Lato;1;200;1;Odzież damska
1009;Koszulka Nike Womens Femme "Black";139.99;https://img.citysport.com.pl/product_img_thumbs_position/cbx350x525/Koszulka_Nike_829747_010__1_.jpg,https://img.citysport.com.pl/product_img_thumbs_position/cbx350x525/Koszulka_Nike_829747_010__2__kafel~1.jpg;Koszulka Damska;Rozmiary:  L S, Kolor: Czarny, Sezon: Wiosna/Lato;1;200;1;Odzież damska
1010;Koszulka Reebok EL PRIME GROUP TEE "Grey";79.99;https://img.citysport.com.pl/product_img_thumbs_position/cbx350x525/Koszulka_Reebok_EL_PRIME_GROUP_TEE_BK3904__1__kafel~1.jpg,https://img.citysport.com.pl/product_img_thumbs_position/cbx350x525/Koszulka_Reebok_EL_PRIME_GROUP_TEE_BK3904__2_.jpg;Koszulka Damska;Rozmiary:  L  M  S XS, Kolor: Szary, Sezon: Wiosna/Lato;1;200;1;Odzież damska
1011;Koszulka Outhorn Women "Pink";20.99;https://img.citysport.com.pl/product_img_thumbs_position/cbx350x525/Koszulka_Outhorn_Sport_TSD600787__4_~1.jpg,https://img.citysport.com.pl/product_img_thumbs_position/cbx350x525/Koszulka_Outhorn_Sport_TSD600787__6_.jpg;Koszulka Damska;Rozmiary:  M S, Kolor: Różowy, Sezon: Wiosna/Lato;1;200;1;Odzież damska
1012;Koszulka Outhorn Deep Summer "White";29.99;https://img.citysport.com.pl/product_img_thumbs_position/cbx350x525/TOL16TSD6150__2_~1.jpg,https://img.citysport.com.pl/product_img_thumbs_position/cbx350x525/TOL16TSD6150__5_.jpg;Koszulka Damska;Rozmiary: S, Kolor: Biały, Sezon: Wiosna/Lato;1;200;1;Odzież damska
1013;Koszulka Outhorn Soft Pop "Green";19.99;https://img.citysport.com.pl/product_img_thumbs_position/cbx350x525/TOL16TSD6191561__2_~1.jpg,https://img.citysport.com.pl/product_img_thumbs_position/cbx350x525/TOL16TSD6191561__5_~1.jpg;Koszulka Damska;Rozmiary:  M XS, Kolor: Zielony, Sezon: Wiosna/Lato;1;200;1;Odzież damska
1014;Koszulka Reebok Workout Ready ActivChill Slub tee "Carote";79.99;https://img.citysport.com.pl/product_img_thumbs_position/cbx350x525/Koszulka_Reebok_Workout_Ready_ActivChill_Slub_tee_BK4880__1__kafel~1.jpg,https://img.citysport.com.pl/product_img_thumbs_position/cbx350x525/Koszulka_Reebok_Workout_Ready_ActivChill_Slub_tee_BK4880__2_.jpg;Koszulka Damska;Rozmiary:  L  M  S  XL XS, Kolor: Pomarańczowy, Sezon: Wiosna/Lato;1;200;1;Odzież damska
1015;Koszulka Reebok Workout Ready ActivChill Slub tee "Echo Blue";79.99;https://img.citysport.com.pl/product_img_thumbs_position/cbx350x525/Koszulka_Reebok_Workout_Ready_ActivChill_Slub_tee_BK4882__1__kafel~1.jpg,https://img.citysport.com.pl/product_img_thumbs_position/cbx350x525/Koszulka_Reebok_Workout_Ready_ActivChill_Slub_tee_BK4882__2_.jpg;Koszulka Damska;Rozmiary:  L  M  S  XL XS, Kolor: Niebieski, Sezon: Wiosna/Lato;1;200;1;Odzież damska
1016;Koszulka Reebok UFC FG LOGO TANK "Red";79.99;https://img.citysport.com.pl/product_img_thumbs_position/cbx350x525/AZ5708__3_~1.jpg,https://img.citysport.com.pl/product_img_thumbs_position/cbx350x525/AZ5708__5_.jpg;Koszulka Damska;Rozmiary: L, Kolor: Czarny, Sezon: Wiosna/Lato;1;200;1;Odzież damska
1017;Koszulka Reebok CF Graphic Tank F.E.F "Chalk";79.99;https://img.citysport.com.pl/product_img_thumbs_position/cbx350x525/Koszulka_Reebok_ReebokCF_Graphic_Tank_F_E_F_BJ9262__2_.jpg,https://img.citysport.com.pl/product_img_thumbs_position/cbx350x525/Koszulka_Reebok_ReebokCF_Graphic_Tank_F_E_F_BJ9262__3__kafel~1.jpg;Koszulka Damska;Rozmiary:  L  M  S XS, Kolor: Biały, Sezon: Wiosna/Lato;1;200;1;Odzież damska
1018;Stanik Reebok Hero Strappy Bra "Black";79.99;https://img.citysport.com.pl/product_img_thumbs_position/cbx350x525/Stanik_Reebok_Hero_Strappy_Bra_B45980___1__kafel~1.jpg,https://img.citysport.com.pl/product_img_thumbs_position/cbx350x525/Stanik_Reebok_Hero_Strappy_Bra_B45980___2_.jpg;Stanik Sportowy;Rozmiary:  L  M  S XS, Kolor: Czarny, Sezon: Wiosna/Lato;1;200;1;Odzież damska
1019;Koszulka Reebok Running Essentials Long Bra Top "Black";89.99;https://img.citysport.com.pl/product_img_thumbs_position/cbx350x525/Koszulka_Reebok_Running_Essentials_Long_Bra_Top_S94318__1__kafel~1.jpg,https://img.citysport.com.pl/product_img_thumbs_position/cbx350x525/Koszulka_Reebok_Running_Essentials_Long_Bra_Top_S94318__2_.jpg;Koszulka Damska;Rozmiary:  L XS, Kolor: Czarny, Sezon: Wiosna/Lato;1;200;1;Odzież damska
1020;Koszulka Reebok S FAVES SS SHIRT "MEDIUM GREY HEATHER";109.99;https://img.citysport.com.pl/product_img_thumbs_position/cbx350x525/Koszulka_Reebok_S_FAVES_SS_SHIRT_B45986__1__kafel~1.jpg,https://img.citysport.com.pl/product_img_thumbs_position/cbx350x525/Koszulka_Reebok_S_FAVES_SS_SHIRT_B45986__2_.jpg;Koszulka Damska;Rozmiary:  M  S XS, Kolor: Szary, Sezon: Wiosna/Lato;1;200;1;Odzież damska
1021;Koszulka Reebok Running Essentials Long Bra Top "FIRE SPARK";89.99;https://img.citysport.com.pl/product_img_thumbs_position/cbx350x525/Koszulka_Reebok_Running_Essentials_Long_Bra_Top_BJ9916__1__kafel~1.jpg,https://img.citysport.com.pl/product_img_thumbs_position/cbx350x525/Koszulka_Reebok_Running_Essentials_Long_Bra_Top_BJ9916__2_.jpg;Koszulka Damska;Rozmiary: L, Kolor: Pomarańczowy, Sezon: Wiosna/Lato;1;200;1;Odzież damska
1022;Stanik Reebok Reebok Hero Garden Rebel Bra "Carote";99.99;https://img.citysport.com.pl/product_img_thumbs_position/cbx350x525/Stanik_Reebok_Reebok_Hero_Garden_Rebel_Bra_B45281__1__kafel~1.jpg,https://img.citysport.com.pl/product_img_thumbs_position/cbx350x525/Stanik_Reebok_Reebok_Hero_Garden_Rebel_Bra_B45281__2_.jpg;Stanik Sportowy;Rozmiary:  L XS, Kolor: Pomarańczowy, Sezon: Wiosna/Lato;1;200;1;Odzież damska
1023;Koszulka Reebok One Series Running ACTIVChill Tank "Black";89.99;https://img.citysport.com.pl/product_img_thumbs_position/cbx350x525/Koszulka_Reebok_One_Series_Running_ACTIVChill_Tank_BK1182__1__kafel~1.jpg,https://img.citysport.com.pl/product_img_thumbs_position/cbx350x525/Koszulka_Reebok_One_Series_Running_ACTIVChill_Tank_BK1182__2_.jpg;Koszulka Damska;Rozmiary: L, Kolor: Czarny, Sezon: Wiosna/Lato;1;200;1;Odzież damska
1024;Koszulka Reebok One Series Running ACTIVChill Tank "Fire";139.99;https://img.citysport.com.pl/product_img_thumbs_position/cbx350x525/Koszulka_Reebok_One_Series_Running_ACTIVChill_Tank_BK1184__1__kafel~1.jpg,https://img.citysport.com.pl/product_img_thumbs_position/cbx350x525/Koszulka_Reebok_One_Series_Running_ACTIVChill_Tank_BK1184__2_.jpg;Koszulka Damska;Rozmiary:  L XS, Kolor: Pomarańczowy, Sezon: Wiosna/Lato;1;200;1;Odzież damska
1025;Koszulka Reebok Workout Ready ActivChill slub tank "Blue";69.99;https://img.citysport.com.pl/product_img_thumbs_position/cbx350x525/Koszulka_Reebok_Workout_Ready_ActivChill_slub_tank_BK4872__1__kafel~1.jpg,https://img.citysport.com.pl/product_img_thumbs_position/cbx350x525/Koszulka_Reebok_Workout_Ready_ActivChill_slub_tank_BK4872__2_.jpg;Koszulka Damska;Rozmiary:  L  M  S  XL XS, Kolor: Niebieski, Sezon: Wiosna/Lato;1;200;1;Odzież damska
1026;Koszulka Reebok Workout Ready ActivChill slub tank "Carote";99.99;https://img.citysport.com.pl/product_img_thumbs_position/cbx350x525/Koszulka_Reebok_Workout_Ready_ActivChill_slub_tank_BK4870__1__kafel~1.jpg,https://img.citysport.com.pl/product_img_thumbs_position/cbx350x525/Koszulka_Reebok_Workout_Ready_ActivChill_slub_tank_BK4870__2_.jpg;Koszulka Damska;Rozmiary:  L  M  S  XL XS, Kolor: Pomarańczowy, Sezon: Wiosna/Lato;1;200;1;Odzież damska
1027;Koszulka Nike Tee-Flavor Burts Women "Medium Heather Grey";79.99;https://img.citysport.com.pl/product_img_thumbs_position/cbx350x525/Koszulka_Nike_834775_063__4_~1.jpg,https://img.citysport.com.pl/product_img_thumbs_position/cbx350x525/Koszulka_Nike_834775_063__6_.jpg;Koszulka Damska;Rozmiary:  L  M  S XS, Kolor: Szary, Sezon: Wiosna/Lato;1;200;1;Odzież damska
1028;Koszulka Converse Women "Black";69.99;https://img.citysport.com.pl/product_img_thumbs_position/cbx350x525/Koszulka_Converse_10001858001__1_~1.jpg,https://img.citysport.com.pl/product_img_thumbs_position/cbx350x525/Koszulka_Converse_10001858001__4_.jpg;Koszulka Damska;Rozmiary:  L  M  S XS, Kolor: Czarny, Sezon: Wiosna/Lato;1;200;1;Odzież damska
1029;Koszulka adidas Polo Tee Women "White";119.99;https://img.citysport.com.pl/product_img_thumbs_position/cbx350x525/Koszulka_adidas_BJ8192__1_~1.jpg,https://img.citysport.com.pl/product_img_thumbs_position/cbx350x525/Koszulka_adidas_BJ8192__4_.jpg;Koszulka Damska;Rozmiary:  L  M  S XS, Kolor: Biały, Sezon: Wiosna/Lato;1;200;1;Odzież damska
1030;Koszulka Reebok Elements Classic Women "Black";39.99;https://img.citysport.com.pl/product_img_thumbs_position/cbx350x525/Koszulka_Reebok_AJ3279__4_~1.jpg,https://img.citysport.com.pl/product_img_thumbs_position/cbx350x525/Koszulka_Reebok_AJ3279__7_.jpg;Koszulka Damska;Rozmiary: XS, Kolor: Czarny, Sezon: Wiosna/Lato;1;200;1;Odzież damska
1031;Koszulka Reebok ActivChill Graphic Tank Women "White";99.99;https://img.citysport.com.pl/product_img_thumbs_position/cbx350x525/Koszulka_Reebok_BK3125__1_~1.jpg,https://img.citysport.com.pl/product_img_thumbs_position/cbx350x525/Koszulka_Reebok_BK3125__4_.jpg;Koszulka Damska;Rozmiary:  L  M S, Kolor: Biały, Sezon: Wiosna/Lato;1;200;1;Odzież damska
1032;Koszulka Reebok ONE Series Burnout Tank Women "White";79.99;https://img.citysport.com.pl/product_img_thumbs_position/cbx350x525/Koszulka_Reebok_AX9112__1_~3.jpg,https://img.citysport.com.pl/product_img_thumbs_position/cbx350x525/Koszulka_Reebok_AX9112__3_.jpg;Koszulka Damska;Rozmiary:  L  XL M, Kolor: Biały, Sezon: Wiosna/Lato;1;200;1;Odzież damska
1033;Koszulka Reebok RCF Tank Women "Black";109.99;https://img.citysport.com.pl/product_img_thumbs_position/cbx350x525/Koszulka_Reebok_RCF_BJ9827__1_.jpg,https://img.citysport.com.pl/product_img_thumbs_position/cbx350x525/Koszulka_Reebok_RCF_BJ9827__2__kafel~1.jpg;Koszulka Damska;Rozmiary:  XL L, Kolor: Czarny, Sezon: Wiosna/Lato;1;200;1;Odzież damska
1034;Stanik Reebok Workout Ready Tri Back Bra Women "Black";99.99;https://img.citysport.com.pl/product_img_thumbs_position/cbx350x525/Koszulka_Reebok_Workout_Ready_Tri_Back_Bra_BK4185__1_.jpg,https://img.citysport.com.pl/product_img_thumbs_position/cbx350x525/Koszulka_Reebok_Workout_Ready_Tri_Back_Bra_BK4185__2__kafel~1.jpg;Stanik Sportowy;Rozmiary:  M XS, Kolor: Czarny, Sezon: Wiosna/Lato;1;200;1;Odzież damska
1035;Koszulka adidas Essentials Linear Loose Tee "Easy Blue";99.99;https://img.citysport.com.pl/product_img_thumbs_position/cbx350x525/B45742_APP_on_model_back_white~1.jpg,https://img.citysport.com.pl/product_img_thumbs_position/cbx350x525/B45742_APP_on_model_standard_white_kafel~5.jpg;Koszulka Damska;Rozmiary:  L  M  S XS, Kolor: Niebieski, Sezon: Wiosna/Lato;1;200;1;Odzież damska
1036;Koszulka Kappa Alosi "White";34.99;https://img.citysport.com.pl/product_img_thumbs_position/cbx350x525/303730001__2_~1.jpg,https://img.citysport.com.pl/product_img_thumbs_position/cbx350x525/303730001__3_.jpg;Koszulka Damska;Rozmiary: S, Kolor: Biały, Sezon: Wiosna/Lato;1;200;1;Odzież damska
1037;Stanik Reebok Workout Ready Tri Back Bra "ECHO BLUE F10-R";69.99;https://img.citysport.com.pl/product_img_thumbs_position/cbx350x525/Stanik_Reebok_Workout_Ready_Tri_Back_Bra_BK4189__1___kafel~1.jpg,https://img.citysport.com.pl/product_img_thumbs_position/cbx350x525/Stanik_Reebok_Workout_Ready_Tri_Back_Bra_BK4189__2_.jpg;Stanik Sportowy;Rozmiary:  L XS, Kolor: Niebieski, Sezon: Wiosna/Lato;1;200;1;Odzież damska
1038;Koszulka Reebok RCF "EXCELLENT RED-R";109.99;https://img.citysport.com.pl/product_img_thumbs_position/cbx350x525/Koszulka_Reebok_RCF_BJ9829__1___kafel~1.jpg,https://img.citysport.com.pl/product_img_thumbs_position/cbx350x525/Koszulka_Reebok_RCF_BJ9829__2_.jpg;Koszulka Damska;Rozmiary:  L  M  S  XL XS, Kolor: Czerwony, Sezon: Wiosna/Lato;1;200;1;Odzież damska
1039;Koszulka Reebok One Series Running ACTIVChill Tee "Black";169.99;https://img.citysport.com.pl/product_img_thumbs_position/cbx350x525/Koszulka_Reebok_One_Series_Running_ACTIVChill_Tee_BK1194__1___kafel~1.jpg,https://img.citysport.com.pl/product_img_thumbs_position/cbx350x525/Koszulka_Reebok_One_Series_Running_ACTIVChill_Tee_BK1194__2_.jpg;Koszulka Damska;Rozmiary: S, Kolor: Czarny, Sezon: Wiosna/Lato;1;200;1;Odzież damska
1040;Koszulka Reebok Camo Burnout Tee Women "CAROTENE S17-R";99.99;https://img.citysport.com.pl/product_img_thumbs_position/cbx350x525/Koszulka_Reebok_Camo_Burnout_Tee_BK1922__1___kafel~1.jpg,https://img.citysport.com.pl/product_img_thumbs_position/cbx350x525/Koszulka_Reebok_Camo_Burnout_Tee_BK1922__2_.jpg;Koszulka Damska;Rozmiary:  M  S XS, Kolor: Pomarańczowy, Sezon: Wiosna/Lato;1;200;1;Odzież damska
1041;Koszulka Reebok Camo Burnout Tee "Black";99.99;https://img.citysport.com.pl/product_img_thumbs_position/cbx350x525/Koszulka_Reebok_Camo_Burnout_Tee_BK1920__1___kafel~1.jpg,https://img.citysport.com.pl/product_img_thumbs_position/cbx350x525/Koszulka_Reebok_Camo_Burnout_Tee_BK1920__2_.jpg;Koszulka Damska;Rozmiary:  L  M XS, Kolor: Czarny, Sezon: Wiosna/Lato;1;200;1;Odzież damska
1042;Koszulka Reebok ACTIVCHILL Graphic Tee Women "ECHO BLUE F10-R";99.99;https://img.citysport.com.pl/product_img_thumbs_position/cbx350x525/Koszulka_Reebok_ACTIVCHILL_Graphic_Tee_BJ8503__1___kafel~1.jpg,https://img.citysport.com.pl/product_img_thumbs_position/cbx350x525/Koszulka_Reebok_ACTIVCHILL_Graphic_Tee_BJ8503__2_.jpg;Koszulka Damska;Rozmiary:  M XS, Kolor: Niebieski, Sezon: Wiosna/Lato;1;200;1;Odzież damska
1043;Koszulka Reebok ACTIVCHILL Graphic Tee "CAROTENE S17-R";99.99;https://img.citysport.com.pl/product_img_thumbs_position/cbx350x525/Koszulka_Reebok_ACTIVCHILL_Graphic_Tee_B45060__1___kafel~1.jpg,https://img.citysport.com.pl/product_img_thumbs_position/cbx350x525/Koszulka_Reebok_ACTIVCHILL_Graphic_Tee_B45060__2_.jpg;Koszulka Damska;Rozmiary:  M  S  XL XS, Kolor: Pomarańczowy, Sezon: Wiosna/Lato;1;200;1;Odzież damska
1044;Koszulka Reebok ACTIVCHILL Graphic Tank "CAROTENE S17-R";99.99;https://img.citysport.com.pl/product_img_thumbs_position/cbx350x525/Koszulka_Reebok_ACTIVCHILL_Graphic_Tank_BK3128__1___kafel~1.jpg,https://img.citysport.com.pl/product_img_thumbs_position/cbx350x525/Koszulka_Reebok_ACTIVCHILL_Graphic_Tank_BK3128__2_.jpg;Koszulka Damska;Rozmiary:  L  M  S XS, Kolor: Pomarańczowy, Sezon: Wiosna/Lato;1;200;1;Odzież damska
1045;Stanik Reebok Workout Ready Tri Back Bra "CAROTENE S17-R";69.99;https://img.citysport.com.pl/product_img_thumbs_position/cbx350x525/Stanik_Reebok_Workout_Ready_Tri_Back_Bra_BK4187__2_.jpg,https://img.citysport.com.pl/product_img_thumbs_position/cbx350x525/Stanik_Reebok_Workout_Ready_Tri_Back_Bra_BK4187__3___kafel~1.jpg;Stanik Sportowy;Rozmiary:  L  M  XL XS, Kolor: Pomarańczowy, Sezon: Wiosna/Lato;1;200;1;Odzież damska
1046;Koszulka Reebok Spartan Race Graphic Reveal Tank "GABLE GREY S17-R";79.99;https://img.citysport.com.pl/product_img_thumbs_position/cbx350x525/Koszulka_Reebok_Spartan_Race_Graphic_Reveal_Tank_BK0214__1___kafel~1.jpg,https://img.citysport.com.pl/product_img_thumbs_position/cbx350x525/Koszulka_Reebok_Spartan_Race_Graphic_Reveal_Tank_BK0214__2_.jpg;Koszulka Damska;Rozmiary:  L  XL XS, Kolor: Szary, Sezon: Wiosna/Lato;1;200;1;Odzież damska
1047;Koszulka Reebok RCF washed Muscle Tank "MIST S10-R";109.99;https://img.citysport.com.pl/product_img_thumbs_position/cbx350x525/Koszulka_Reebok_RCF_washed_Muscle_Tank_BK1143__1___kafel~1.jpg,https://img.citysport.com.pl/product_img_thumbs_position/cbx350x525/Koszulka_Reebok_RCF_washed_Muscle_Tank_BK1143__2_.jpg;Koszulka Damska;Rozmiary:  XL L, Kolor: Zielony, Sezon: Wiosna/Lato;1;200;1;Odzież damska
1048;Koszulka Nike Tee-Flavor Burts Women "Blue";79.99;https://img.citysport.com.pl/product_img_thumbs_position/cbx350x525/Koszulka_Nike_Femme_834775_478__4_~1.jpg,https://img.citysport.com.pl/product_img_thumbs_position/cbx350x525/Koszulka_Nike_Femme_834775_478__6_.jpg; ;Rozmiary:  L  M  S XS, Kolor: Niebieski, Sezon: Wiosna/Lato;1;200;1;Odzież damska
1049;Koszulka Nike Womens Femme "White";79.99;https://img.citysport.com.pl/product_img_thumbs_position/cbx350x525/Koszulka_Nike_Femme_834775_101__4_~1.jpg,https://img.citysport.com.pl/product_img_thumbs_position/cbx350x525/Koszulka_Nike_Femme_834775_101__6_.jpg;Koszulka Damska;Rozmiary:  L  M  S XS, Kolor: Biały, Sezon: Wiosna/Lato;1;200;1;Odzież damska
1050;Koszulka Nike Tee-Flavor Brust "Black";79.99;https://img.citysport.com.pl/product_img_thumbs_position/cbx350x525/Koszulka_Nike_Femme_834775_010__3_~1.jpg,https://img.citysport.com.pl/product_img_thumbs_position/cbx350x525/Koszulka_Nike_Femme_834775_010__5_.jpg;Koszulka Damska;Rozmiary:  L  M  S XS, Kolor: Czarny, Sezon: Wiosna/Lato;1;200;1;Odzież damska
1051;Koszulka Reebok RCF LS Burnout Graphic T Women "Black";139.99;https://img.citysport.com.pl/product_img_thumbs_position/cbx350x525/Koszulka_Reebok_BK1164__1_.jpg,https://img.citysport.com.pl/product_img_thumbs_position/cbx350x525/Koszulka_Reebok_BK1164__2_~1.jpg;Koszulka Damska;;;;;
