ID; Nazwa; Cena; Obrazy; Opis; Cechy; Aktywność; Ilość; W sprzedaży ;Kategoria
0;Bluza Puma ESS No.1 Hoody FL "Olive Night";249.99;https://img.citysport.com.pl/product_img_thumbs_position/cbx350x525/83825749__2_~1.jpg,https://img.citysport.com.pl/product_img_thumbs_position/cbx350x525/83825749__5_.jpg;Bluza Męska;Rozmiary:  L  M  XL S, Kolor: Zielony, Sezon: Jesień/Zima;1;200;1;Odzież męska
1;Bluza Puma Evostripe Ultimate Hoody "Black";299.99;https://img.citysport.com.pl/product_img_thumbs_position/cbx350x525/59261901__2_~1.jpg,https://img.citysport.com.pl/product_img_thumbs_position/cbx350x525/59261901__5_.jpg;Bluza Męska;Rozmiary:  L  XL M, Kolor: Czarny, Sezon: Jesień/Zima;1;200;1;Odzież męska
2;Bluza 4F Sportstyle "Grey";169.99;https://img.citysport.com.pl/product_img_thumbs_position/cbx350x525/BLM0051951__2_~1.jpg,https://img.citysport.com.pl/product_img_thumbs_position/cbx350x525/BLM0051951__5_.jpg;Bluza Męska;Rozmiary:  L  M  XL S, Kolor: Szary, Sezon: Jesień/Zima;1;200;1;Odzież męska
3;Bluza 4F Sportstyle "Grey";129.99;https://img.citysport.com.pl/product_img_thumbs_position/cbx350x525/BLM0021951__2_~1.jpg,https://img.citysport.com.pl/product_img_thumbs_position/cbx350x525/BLM0021951__5_.jpg;Bluza Męska;Rozmiary: M, Kolor: Szary, Sezon: Jesień/Zima;1;200;1;Odzież męska
4;Bluza Outhorn Sport "Grey";89.99;https://img.citysport.com.pl/product_img_thumbs_position/cbx350x525/BLM6011957__2_~1.jpg,https://img.citysport.com.pl/product_img_thumbs_position/cbx350x525/BLM6011957__5_.jpg;Bluza Męska;Rozmiary:  L  XL  XXL M, Kolor: Szary, Sezon: Jesień/Zima;1;200;1;Odzież męska
5;Bluza Asics Graphic FZ Hoodie "Dark Heather Grey";159.99;https://img.citysport.com.pl/product_img_thumbs_position/cbx350x525/1250870773__2_~1.jpg,https://img.citysport.com.pl/product_img_thumbs_position/cbx350x525/1250870773__5_.jpg;Bluza Męska;Rozmiary:  L  M  XL  XXXL S, Kolor: Szary, Sezon: Jesień/Zima;1;200;1;Odzież męska
6;Bluza Puma Rabel FZ Hoody "Grey";289.99;https://img.citysport.com.pl/product_img_thumbs_position/cbx350x525/59245503__2_~1.jpg,https://img.citysport.com.pl/product_img_thumbs_position/cbx350x525/59245503__5_.jpg;Bluza Męska;Rozmiary:  L  M  XL S, Kolor: Szary, Sezon: Jesień/Zima;1;200;1;Odzież męska
7;Bluza Outhorn Sport "Blue";89.99;https://img.citysport.com.pl/product_img_thumbs_position/cbx350x525/BLM6011388__2_~1.jpg,https://img.citysport.com.pl/product_img_thumbs_position/cbx350x525/BLM6011388__5_.jpg;Bluza Męska;Rozmiary: M, Kolor: Niebieski, Sezon: Jesień/Zima;1;200;1;Odzież męska
8;Bluza Nike NSW Hoodie PO FLC GX 2 "Grey";239.99;https://img.citysport.com.pl/product_img_thumbs_position/cbx350x525/861726_063_PHSBH001_3144.jpg,https://img.citysport.com.pl/product_img_thumbs_position/cbx350x525/861726_063_PHSFH001_3144_kafel~1.jpg;Bluza Męska;Rozmiary:  L  M  XL S, Kolor: Szary, Sezon: Jesień/Zima;1;200;1;Odzież męska
9;Bluza Reebok Classics Iconic Crew Neck "Black";229.99;https://img.citysport.com.pl/product_img_thumbs_position/cbx350x525/BQ2655_APP_on_model_back_white.jpg,https://img.citysport.com.pl/product_img_thumbs_position/cbx350x525/BQ2655_APP_on_model_front_white_kafel~1.jpg;Bluza Męska;Rozmiary:  L  M  XL  XXL S, Kolor: Czarny, Sezon: Jesień/Zima;1;200;1;Odzież męska
10;Bluza Reebok CrossFit High Five Pull Over Hoody "Grey";269.99;https://img.citysport.com.pl/product_img_thumbs_position/cbx350x525/BR0808_APP_on_model_back_white.jpg,https://img.citysport.com.pl/product_img_thumbs_position/cbx350x525/BR0808_APP_on_model_front_white_kafel~1.jpg;Bluza Męska;Rozmiary:  L  M  XL  XXL S, Kolor: Szary, Sezon: Jesień/Zima;1;200;1;Odzież męska
11;Bluza Reebok Foundation Starcrest Hoody "Grey";249.99;https://img.citysport.com.pl/product_img_thumbs_position/cbx350x525/BR0568_APP_on_model_back_white.jpg,https://img.citysport.com.pl/product_img_thumbs_position/cbx350x525/BR0568_APP_on_model_front_white_kafel~1.jpg;Bluza Męska;Rozmiary:  L  M  XL  XXL S, Kolor: Szary, Sezon: Jesień/Zima;1;200;1;Odzież męska
12;Bluza Converse M Core Full Zip Hoodie "Grey";279.99;https://img.citysport.com.pl/product_img_thumbs_position/cbx350x525/10004627A03__2_~1.jpg,https://img.citysport.com.pl/product_img_thumbs_position/cbx350x525/10004627A03__5_.jpg;Bluza Męska;Rozmiary:  L  XL  XXL M, Kolor: Szary, Sezon: Jesień/Zima;1;200;1;Odzież męska
13;Bluza Outhorn Sport "Navy";89.99;https://img.citysport.com.pl/product_img_thumbs_position/cbx350x525/BLM6011986__2_~1.jpg,https://img.citysport.com.pl/product_img_thumbs_position/cbx350x525/BLM6011986__5_.jpg;Bluza Męska;Rozmiary:  L  M  XL  XXL S, Kolor: Granatowy, Sezon: Jesień/Zima;1;200;1;Odzież męska
14;Bluza Outhorn Sport "Grey";89.99;https://img.citysport.com.pl/product_img_thumbs_position/cbx350x525/BLM6011951__2_~1.jpg,https://img.citysport.com.pl/product_img_thumbs_position/cbx350x525/BLM6011951__5_.jpg;Bluza Męska;Rozmiary:  L  M  XL  XXL S, Kolor: Szary, Sezon: Jesień/Zima;1;200;1;Odzież męska
15;Bluza Outhorn Sport "Graphite";89.99;https://img.citysport.com.pl/product_img_thumbs_position/cbx350x525/BLM6011945__2_~1.jpg,https://img.citysport.com.pl/product_img_thumbs_position/cbx350x525/BLM6011945__6_.jpg;Bluza Męska;Rozmiary:  L  M  XL  XXL S, Kolor: Grafitowy;1;200;1;Odzież męska
16;Bluza Le Coq Sportif CotonTech FZ Sweat "Dress Blues";299.99;https://img.citysport.com.pl/product_img_thumbs_position/cbx350x525/1720844_2_kafel~1.jpg,https://img.citysport.com.pl/product_img_thumbs_position/cbx350x525/1720844_3.jpg;Bluza Męska;Rozmiary:  L  M  XL S, Kolor: Granatowy, Sezon: Jesień/Zima;1;200;1;Odzież męska
17;Bluza adidas PDX Hoody "Grey";349.99;https://img.citysport.com.pl/product_img_thumbs_position/cbx350x525/BS2797_APP_on_model_back_white.jpg,https://img.citysport.com.pl/product_img_thumbs_position/cbx350x525/BS2797_APP_on_model_standard_white~1.jpg;Bluza Męska;Rozmiary:  L  M S, Kolor: Szary, Sezon: Jesień/Zima;1;200;1;Odzież męska
18;Bluza adidas NMD LG Crew "White";349.99;https://img.citysport.com.pl/product_img_thumbs_position/cbx350x525/BS2490_APP_on_model_back_white.jpg,https://img.citysport.com.pl/product_img_thumbs_position/cbx350x525/BS2490_APP_on_model_standard_white_kafel~1.jpg;Bluza Męska;Rozmiary:  L  M  XL S, Kolor: Czarny, Sezon: Jesień/Zima;1;200;1;Odzież męska
19;Bluza Le Coq Sportif CotonTech Crew Sweat "Black";229.99;https://img.citysport.com.pl/product_img_thumbs_position/cbx350x525/1720629_1_kafel~1.jpg;Bluza Męska;Rozmiary:  L  M  XL S, Kolor: Czarny, Sezon: Jesień/Zima;1;200;1;Odzież męska
20;Bluza Le Coq Sportif CotonTech Crew Sweat Marshmallow "White";229.99;https://img.citysport.com.pl/product_img_thumbs_position/cbx350x525/1720338__1_~1.jpg,https://img.citysport.com.pl/product_img_thumbs_position/cbx350x525/1720338__2_.jpg;Bluza Męska;Rozmiary:  L  M  XL S, Kolor: Biały, Sezon: Jesień/Zima;1;200;1;Odzież męska
21;Bluza adidas Trefoil Crew Sweatshirt "Legend Ink";249.99;https://img.citysport.com.pl/product_img_thumbs_position/cbx350x525/BQ7519_APP_on_model_back_white.jpg,https://img.citysport.com.pl/product_img_thumbs_position/cbx350x525/BQ7519_APP_on_model_standard_white~1.jpg;Bluza Męska;Rozmiary:  L  M  XL S, Kolor: Granatowy, Sezon: Jesień/Zima;1;200;1;Odzież męska
22;Bluza adidas Trefoil Hoody "Blue";269.99;https://img.citysport.com.pl/product_img_thumbs_position/cbx350x525/BR4189_APP_on_model_back_white.jpg,https://img.citysport.com.pl/product_img_thumbs_position/cbx350x525/BR4189_APP_on_model_standard_white~1.jpg;Bluza Męska;Rozmiary:  L  XL M, Kolor: Niebieski, Sezon: Jesień/Zima;1;200;1;Odzież męska
23;Bluza adidas Crewneck Sweatshirt "Black";329.99;https://img.citysport.com.pl/product_img_thumbs_position/cbx350x525/BQ1814_APP_on_model_back_white.jpg,https://img.citysport.com.pl/product_img_thumbs_position/cbx350x525/BQ1814_APP_on_model_standard_white~1.jpg;Bluza Męska;Rozmiary:  L  M  XL  XXL S, Kolor: Czarny, Sezon: Jesień/Zima;1;200;1;Odzież męska
24;Bluza Champion Hoody "Navy";119.99;https://img.citysport.com.pl/product_img_thumbs_position/cbx350x525/2111972192__2_~2.jpg,https://img.citysport.com.pl/product_img_thumbs_position/cbx350x525/2111972192__5_~1.jpg;Bluza Męska;Rozmiary:  L  XL M, Kolor: Granatowy, Sezon: Jesień/Zima;1;200;1;Odzież męska
25;Bluza Nike NSW CRW FLC CLUB "Black";199.99;https://img.citysport.com.pl/product_img_thumbs_position/cbx350x525/804340_010_PHSBH001_3144.jpg,https://img.citysport.com.pl/product_img_thumbs_position/cbx350x525/804340_010_PHSFH001_3144_kafel~1.jpg;Bluza Męska;Rozmiary:  L  M  S  XL XS, Kolor: Czarny, Sezon: Jesień/Zima;1;200;1;Odzież męska
26;Bluza Nike M NSW Hoodie FZ FLC Club "Grey";249.99;https://img.citysport.com.pl/product_img_thumbs_position/cbx350x525/804389_071_PHSBH001_3144.jpg,https://img.citysport.com.pl/product_img_thumbs_position/cbx350x525/804389_071_PHSFH001_3144_kafel~1.jpg;Bluza Męska;Rozmiary:  L  M  XL S, Kolor: Szary, Sezon: Jesień/Zima;1;200;1;Odzież męska
27;Bluza Nike M NSW CRW FLC Club "Grey";199.99;https://img.citysport.com.pl/product_img_thumbs_position/cbx350x525/804340_071_PHSBH001_3144.jpg,https://img.citysport.com.pl/product_img_thumbs_position/cbx350x525/804340_071_PHSFH001_3144_kafel~1.jpg;Bluza Męska;Rozmiary:  L  M  XL S, Kolor: Szary, Sezon: Jesień/Zima;1;200;1;Odzież męska
28;Bluza Vans Classic Crew Neck Sweat "Black";199.99;https://img.citysport.com.pl/product_img_thumbs_position/cbx350x525/V00YX0Y28__4_~1.jpg,https://img.citysport.com.pl/product_img_thumbs_position/cbx350x525/V00YX0Y28__6_.jpg;Bluza Męska;Rozmiary:  XL L, Kolor: Czarny, Sezon: Jesień/Zima;1;200;1;Odzież męska
29;Bluza Champion Hoddy "Medium Heather Grey";119.99;https://img.citysport.com.pl/product_img_thumbs_position/cbx350x525/2111971149__5_~1.jpg,https://img.citysport.com.pl/product_img_thumbs_position/cbx350x525/2111971149__6_.jpg;Bluza Męska;Rozmiary: XL, Kolor: Szary, Sezon: Jesień/Zima;1;200;1;Odzież męska
30;Bluza Puma RebelBlock Crew FL "Olive Night";219.99;https://img.citysport.com.pl/product_img_thumbs_position/cbx350x525/59247035__1__kafel~1.jpg,https://img.citysport.com.pl/product_img_thumbs_position/cbx350x525/59247035__2_.jpg;Bluza Męska;Rozmiary:  L  M  XL S, Kolor: Zielony, Sezon: Jesień/Zima;1;200;1;Odzież męska
31;Bluza Puma Ferrari Sweat Jacket "Red";229.99;https://img.citysport.com.pl/product_img_thumbs_position/cbx350x525/56662802__1_~1.jpg,https://img.citysport.com.pl/product_img_thumbs_position/cbx350x525/56662802__2_.jpg;Bluza Męska;Rozmiary:  L  XL M, Kolor: Czerwony, Sezon: Wiosna/Lato;1;200;1;Odzież męska
32;Bluza Converse Core FT FZ Hoodie "Grey";199.99;https://img.citysport.com.pl/product_img_thumbs_position/cbx350x525/10003119A03__1_~1.jpg,https://img.citysport.com.pl/product_img_thumbs_position/cbx350x525/10003119A03__2_.jpg;Bluza Męska;Rozmiary:  L  XL M, Kolor: Szary, Sezon: Wiosna/Lato;1;200;1;Odzież męska
33;Bluza New Balance Classic Full Zip Hoddy "Grey";189.99;https://img.citysport.com.pl/product_img_thumbs_position/cbx350x525/BK3716__2_~1.jpg,https://img.citysport.com.pl/product_img_thumbs_position/cbx350x525/MJ63550__6_~1.jpg;Bluza Męska;Rozmiary:  L  M  XL S, Kolor: Szary, Sezon: Wiosna/Lato;1;200;1;Odzież męska
34;'Bluza Asics M'' S Full ZIP Hoddy "Black"';159.99;https://img.citysport.com.pl/product_img_thumbs_position/cbx350x525/4299410738__1_~1.jpg,https://img.citysport.com.pl/product_img_thumbs_position/cbx350x525/4299410738__2_.jpg;Bluza Męska;Rozmiary:  L  M  XL  XXL  XXXL S, Kolor: Czarny, Sezon: Wiosna/Lato;1;200;1;Odzież męska
35;Bluza Reebok F Franchise Full Zip Hoody "Collegiate Navy";279.99;https://img.citysport.com.pl/product_img_thumbs_position/cbx350x525/BQ3392__5_~1.jpg,https://img.citysport.com.pl/product_img_thumbs_position/cbx350x525/BQ3392__6_.jpg;Bluza Męska;Rozmiary:  L  M  XL S, Kolor: Granatowy, Sezon: Jesień/Zima;1;200;1;Odzież męska
36;Bluza Reebok F Iconic Crew "Medium Grey Heather";229.99;https://img.citysport.com.pl/product_img_thumbs_position/cbx350x525/BQ2649_APP_on_model_back_white.jpg,https://img.citysport.com.pl/product_img_thumbs_position/cbx350x525/BQ2649_APP_on_model_front_white_kafel~1.jpg;Bluza Męska;Rozmiary:  L  M  XL  XXL S, Kolor: Szary, Sezon: Jesień/Zima;1;200;1;Odzież męska
37;Bluza Reebok F Franchise FT Crew "Grey";249.99;https://img.citysport.com.pl/product_img_thumbs_position/cbx350x525/BQ3416__4_~1.jpg,https://img.citysport.com.pl/product_img_thumbs_position/cbx350x525/BQ3416__6_.jpg;Bluza Męska;Rozmiary:  L  M  XL S, Kolor: Szary, Sezon: Wiosna/Lato;1;200;1;Odzież męska
38;Bluza Reebok EL Fleece FZ "Smoind";199.99;https://img.citysport.com.pl/product_img_thumbs_position/cbx350x525/BP9095__2_.jpg,https://img.citysport.com.pl/product_img_thumbs_position/cbx350x525/BP9095__6__kafel~1.jpg;Bluza Męska;Rozmiary:  L  M  XL S, Kolor: Granatowy, Sezon: Jesień/Zima;1;200;1;Odzież męska
39;Bluza Kappa Atoll RN Sweatshirt Men "Grey Melange";79.99;https://img.citysport.com.pl/product_img_thumbs_position/cbx350x525/Bluza_Kappa_30371718M__2_~1.jpg,https://img.citysport.com.pl/product_img_thumbs_position/cbx350x525/Bluza_Kappa_30371718M__5_.jpg;Bluza Męska;Rozmiary:  L  M  XL S, Kolor: Szary, Sezon: Wiosna/Lato;1;200;1;Odzież męska
40;Bluza Puma ESS Crew Sweat "Black";179.99;https://img.citysport.com.pl/product_img_thumbs_position/cbx350x525/Bluza_Puma_83836701__2_~1.jpg,https://img.citysport.com.pl/product_img_thumbs_position/cbx350x525/Bluza_Puma_83836701__5_.jpg;Bluza Męska;Rozmiary:  L  M  XL S, Kolor: Czarny, Sezon: Wiosna/Lato;1;200;1;Odzież męska
41;Bluza le coq sportif Stadium Curva FZ Hood "Black" (1620581);319.99;https://img.citysport.com.pl/product_img_thumbs_position/cbx350x525/Bluza_le_coq_sportif_1620581__2_~1.jpg,https://img.citysport.com.pl/product_img_thumbs_position/cbx350x525/Bluza_le_coq_sportif_1620581__2_~3.jpg;Bluza Męska;Rozmiary:  XL  XXL L, Kolor: Czarny, Sezon: Wiosna/Lato;1;200;1;Odzież męska
42;Bluza Puma Sweat Proknit Evostripe FZ Hoody "Black";239.99;https://img.citysport.com.pl/product_img_thumbs_position/cbx350x525/Bluza_Puma_83828411__2_~1.jpg,https://img.citysport.com.pl/product_img_thumbs_position/cbx350x525/Bluza_Puma_83828411__5_.jpg;Bluza Męska;Rozmiary:  L  XL M, Kolor: Czarny, Sezon: Wiosna/Lato;1;200;1;Odzież męska
43;Bluza Puma Essentials Full Zip Hoddy TR M "Grey";219.99;https://img.citysport.com.pl/product_img_thumbs_position/cbx350x525/Bluza_Puma_83837103__2_~1.jpg,https://img.citysport.com.pl/product_img_thumbs_position/cbx350x525/Bluza_Puma_83837103__5_.jpg;Bluza Męska;Rozmiary:  L  M  XL S, Kolor: Szary, Sezon: Wiosna/Lato;1;200;1;Odzież męska
44;Bluza Outhorn "Medium Heather Grey";129.99;https://img.citysport.com.pl/product_img_thumbs_position/cbx350x525/Bluza_Outhorn_TOL16BLM6011926__4_.jpg,https://img.citysport.com.pl/product_img_thumbs_position/cbx350x525/Bluza_Outhorn_TOL16BLM6011926__5_~1.jpg;Bluza Męska;Rozmiary:  M S, Kolor: Szary, Sezon: Wiosna/Lato;1;200;1;Odzież męska
45;Bluza adidas ESS LIN FZ FT "Black Noir";249.99;https://img.citysport.com.pl/product_img_thumbs_position/cbx350x525/S98796__1_~1.jpg,https://img.citysport.com.pl/product_img_thumbs_position/cbx350x525/S98796__2_.jpg;Bluza Męska;Rozmiary:  L  M  XL S, Kolor: Czarny, Sezon: Wiosna/Lato;1;200;1;Odzież męska
46;Bluza adidas ESS LIN FZ FT "Medium Heather Grey";249.99;https://img.citysport.com.pl/product_img_thumbs_position/cbx350x525/S98794__1_~1.jpg,https://img.citysport.com.pl/product_img_thumbs_position/cbx350x525/S98794__2_.jpg; ;Rozmiary:  L  M  XL S, Kolor: Szary, Sezon: Wiosna/Lato;1;200;1;Odzież męska
47;Bluza le coq sportif STA LF Crew Sweat M Dress "Blue";219.99;https://img.citysport.com.pl/product_img_thumbs_position/cbx350x525/Bluza_le_coq_sportif_1620588__2_~1.jpg,https://img.citysport.com.pl/product_img_thumbs_position/cbx350x525/Bluza_le_coq_sportif_1620588__5_.jpg;Bluza Męska;Rozmiary:  L  XL  XXL M, Kolor: Niebieski, Sezon: Wiosna/Lato;1;200;1;Odzież męska
48;Bluza Outhorn Past Modern "Navy";84.99;https://img.citysport.com.pl/product_img_thumbs_position/cbx350x525/Bluza_Outhorn_TOL16BLM6011306__2_~1.jpg,https://img.citysport.com.pl/product_img_thumbs_position/cbx350x525/Bluza_Outhorn_TOL16BLM6011306__4_.jpg;Bluza Męska;Rozmiary: S, Kolor: Granatowy, Sezon: Wiosna/Lato;1;200;1;Odzież męska
49;Bluza Outhorn Sport "Heather Grey";74.99;https://img.citysport.com.pl/product_img_thumbs_position/cbx350x525/Bluza_Outhorn_TOL16BLM6001926__2_~1.jpg,https://img.citysport.com.pl/product_img_thumbs_position/cbx350x525/Bluza_Outhorn_TOL16BLM6001926__5_.jpg;Bluza Męska;Rozmiary: S, Kolor: Szary, Sezon: Wiosna/Lato;1;200;1;Odzież męska
50;Bluza Outhorn Sport "Navy";74.99;https://img.citysport.com.pl/product_img_thumbs_position/cbx350x525/Bluza_Outhorn_TOL16BLM6001938__2_~1.jpg,https://img.citysport.com.pl/product_img_thumbs_position/cbx350x525/Bluza_Outhorn_TOL16BLM6001938__5_.jpg;Bluza Męska;Rozmiary: S, Kolor: Granatowy, Sezon: Wiosna/Lato;1;200;1;Odzież męska
51;Bluza Reebok LF Retro Crewneck "Black";159.99;https://img.citysport.com.pl/product_img_thumbs_position/cbx350x525/Bluza_Reebok_LF_Retro_Crewneck_BK6567__1__kafel~1.jpg,https://img.citysport.com.pl/product_img_thumbs_position/cbx350x525/Bluza_Reebok_LF_Retro_Crewneck_BK6567__2_.jpg;Bluza Męska;Rozmiary:  XL L, Kolor: Czarny, Sezon: Wiosna/Lato;1;200;1;Odzież męska
52;Bluza Merrell Kolchak Full Zip "Blue";189.99;https://img.citysport.com.pl/product_img_thumbs_position/cbx350x525/Bluza_Merrell_Kolchak_Full_Zip_JMF22742453__4_.jpg,https://img.citysport.com.pl/product_img_thumbs_position/cbx350x525/Bluza_Merrell_Kolchak_Full_Zip_JMF22742453__5_~1.jpg;Bluza Męska;Rozmiary:  L  M  XL  XXL S, Kolor: Niebieski, Sezon: Jesień/Zima;1;200;1;Odzież męska
53;Bluza Merrell Geotex Full Zip "Black";179.99;https://img.citysport.com.pl/product_img_thumbs_position/cbx350x525/Bluza_Merrell_Geotex_Full_Zip_JMS230760110__1_~1.jpg,https://img.citysport.com.pl/product_img_thumbs_position/cbx350x525/Bluza_Merrell_Geotex_Full_Zip_JMS230760110__4_.jpg;Bluza Męska;Rozmiary:  XL  XXL L, Kolor: Czarny, Sezon: Jesień/Zima;1;200;1;Odzież męska
54;Bluza Merrell Kolchak Full Zip "Manganese Heather";189.99;https://img.citysport.com.pl/product_img_thumbs_position/cbx350x525/Bluza_Merrell_Kolchak_Full_Zip_JMF22742015__1_~1.jpg,https://img.citysport.com.pl/product_img_thumbs_position/cbx350x525/Bluza_Merrell_Kolchak_Full_Zip_JMF22742015__4_.jpg;Bluza Męska;Rozmiary:  L  M  XL  XXL S, Kolor: Szary, Sezon: Jesień/Zima;1;200;1;Odzież męska
55;Bluza Merrell Tectonic Half Zip "Black heather";169.99;https://img.citysport.com.pl/product_img_thumbs_position/cbx350x525/Bluza_Merrell_Tectonic_Half_Zip_JMF22934010__1_~1.jpg,https://img.citysport.com.pl/product_img_thumbs_position/cbx350x525/Bluza_Merrell_Tectonic_Half_Zip_JMF22934010__4_.jpg;Bluza Męska;Rozmiary:  L  XL M, Kolor: Czarny, Sezon: Jesień/Zima;1;200;1;Odzież męska
56;Bluza Merrell Hearthside Full Zip "ICEBERG HEATHER";199.99;https://img.citysport.com.pl/product_img_thumbs_position/cbx350x525/Bluza_Merrell_Hearthside_Full_Zip_JMF22738035__1_~1.jpg,https://img.citysport.com.pl/product_img_thumbs_position/cbx350x525/Bluza_Merrell_Hearthside_Full_Zip_JMF22738035__4_.jpg;Bluza Męska;Rozmiary:  L  XL M, Kolor: Szary, Sezon: Jesień/Zima;1;200;1;Odzież męska
57;Bluza Merrell Passport FZ Hoodie "Black Heather";179.99;https://img.citysport.com.pl/product_img_thumbs_position/cbx350x525/Bluza_Merrell_Passport_FZ_Hoodie_JMS23079001__2_.jpg,https://img.citysport.com.pl/product_img_thumbs_position/cbx350x525/Bluza_Merrell_Passport_FZ_Hoodie_JMS23079001__3_~1.jpg;Bluza Męska;Rozmiary:  L  XL  XXL M, Kolor: Czarny, Sezon: Wiosna/Lato;1;200;1;Odzież męska
58;Bluza Merrell Geotex Full Zip "Celestial Hthr";179.99;https://img.citysport.com.pl/product_img_thumbs_position/cbx350x525/Bluza_Merrell_Geotex_Full_Zip_JMS23076403__1_~1.jpg,https://img.citysport.com.pl/product_img_thumbs_position/cbx350x525/Bluza_Merrell_Geotex_Full_Zip_JMS23076403__5_.jpg;Bluza Męska;Rozmiary:  L  XL  XXL M, Kolor: Niebieski, Sezon: Jesień/Zima;1;200;1;Odzież męska
59;Bluza Merrell Chillgard FZ Fleece "Bossa Nova";169.99;https://img.citysport.com.pl/product_img_thumbs_position/cbx350x525/Bluza_Merrell_Chillgard_FZ_Fleece_JMF23571802__1_~1.jpg,https://img.citysport.com.pl/product_img_thumbs_position/cbx350x525/Bluza_Merrell_Chillgard_FZ_Fleece_JMF23571802__4_.jpg;Bluza Męska;Rozmiary:  L  M  XL S, Kolor: Czerwony, Sezon: Jesień/Zima;1;200;1;Odzież męska
60;Bluza Merrell Chillgard FZ Fleece "Black";179.99;https://img.citysport.com.pl/product_img_thumbs_position/cbx350x525/Bluza_Merrell_Chillgard_FZ_Fleece_JMF23571010__1_~1.jpg,https://img.citysport.com.pl/product_img_thumbs_position/cbx350x525/Bluza_Merrell_Chillgard_FZ_Fleece_JMF23571010__3_.jpg;Bluza Męska;Rozmiary:  L  M  XL S, Kolor: Czarny, Sezon: Jesień/Zima;1;200;1;Odzież męska
61;Bluza Asics Full zip jacket "Midnight";199.99;https://img.citysport.com.pl/product_img_thumbs_position/cbx350x525/Bluza_Asics_Full_zip_jacket_1308060223__1_~1.jpg,https://img.citysport.com.pl/product_img_thumbs_position/cbx350x525/Bluza_Asics_Full_zip_jacket_1308060223__4_.jpg;Bluza Męska;Rozmiary:  L  M  XL  XXL S, Kolor: Granatowy, Sezon: Wiosna/Lato;1;200;1;Odzież męska
62;Bluza Asics Full zip jacket "Performance black";199.99;https://img.citysport.com.pl/product_img_thumbs_position/cbx350x525/Bluza_asics_Full_zip_jacket_1308060904__1_~1.jpg,https://img.citysport.com.pl/product_img_thumbs_position/cbx350x525/Bluza_asics_Full_zip_jacket_1308060904__4_.jpg;Bluza Męska;Rozmiary:  L  M  XL  XXL S, Kolor: Czarny, Sezon: Wiosna/Lato;1;200;1;Odzież męska
63;Bluza Asics Graphic Hoodie "Navy";219.99;https://img.citysport.com.pl/product_img_thumbs_position/cbx350x525/Bluza_Asics_1105890245__3_.jpg,https://img.citysport.com.pl/product_img_thumbs_position/cbx350x525/Bluza_Asics_1105890245__4_~1.jpg;Bluza Męska;Rozmiary:  L  M  XL  XXL S, Kolor: Granatowy, Sezon: Wiosna/Lato;1;200;1;Odzież męska
64;Bluza Converse Core Crew Neck "Grey";169.99;https://img.citysport.com.pl/product_img_thumbs_position/cbx350x525/Bluza_Converse_10002133035__3_.jpg,https://img.citysport.com.pl/product_img_thumbs_position/cbx350x525/Bluza_Converse_10002133035__4_~1.jpg;Bluza Męska;Rozmiary:  XL L, Kolor: Szary, Sezon: Wiosna/Lato;1;200;1;Odzież męska
65;Bluza Merrell Windthrow Half ZIP "Grey";149.99;https://img.citysport.com.pl/product_img_thumbs_position/cbx350x525/Bluza_Merrell_JMF22798005__3_.jpg,https://img.citysport.com.pl/product_img_thumbs_position/cbx350x525/Bluza_Merrell_JMF22798005__4_~1.jpg;Bluza Męska;Rozmiary:  L  XL M, Kolor: Szary, Sezon: Wiosna/Lato;1;200;1;Odzież męska
66;Bluza Merrell Tectonic Half ZIP "INK HEATHER";169.99;https://img.citysport.com.pl/product_img_thumbs_position/cbx350x525/Bluza_adidas_Tectonic_Half_ZIP_JMF22934419__1_~1.jpg,https://img.citysport.com.pl/product_img_thumbs_position/cbx350x525/Bluza_adidas_Tectonic_Half_ZIP_JMF22934419__2_.jpg;Bluza Męska;Rozmiary:  L  M  XL S, Kolor: Szary, Sezon: Jesień/Zima;1;200;1;Odzież męska
67;Bluza Asics Graphic Hoodie "Green";129.99;https://img.citysport.com.pl/product_img_thumbs_position/cbx350x525/Bluza_Asics_1105890498__3_.jpg,https://img.citysport.com.pl/product_img_thumbs_position/cbx350x525/Bluza_Asics_1105890498__4_~1.jpg;Bluza Męska;Rozmiary:  L  M  XL  XXL S, Kolor: Zielony, Sezon: Wiosna/Lato;1;200;1;Odzież męska
68;Bluza Asics Graphic Hoodie "Blue";219.99;https://img.citysport.com.pl/product_img_thumbs_position/cbx350x525/Bluza_Asics_1105890861__3_.jpg,https://img.citysport.com.pl/product_img_thumbs_position/cbx350x525/Bluza_Asics_1105890861__4_~1.jpg;Bluza Męska;Rozmiary:  L  M  XL  XXL S, Kolor: Niebieski, Sezon: Wiosna/Lato;1;200;1;Odzież męska
69;Bluza Le Coq Sportif STA LF Tracktop "Dress Blues";479.99;https://img.citysport.com.pl/product_img_thumbs_position/cbx350x525/Bluza_Le_Coq_Sportif_1621945__3_.jpg,https://img.citysport.com.pl/product_img_thumbs_position/cbx350x525/Bluza_Le_Coq_Sportif_1621945__4__kafel~1.jpg;Bluza Męska;Rozmiary:  L  XL  XXL M, Kolor: Grafitowy, Sezon: Wiosna/Lato;1;200;1;Odzież męska
70;Bluza Le Coq Sportif STA LF Trackop "Black";479.99;https://img.citysport.com.pl/product_img_thumbs_position/cbx350x525/Bluza_Le_Coq_Sportif_1621200__4_.jpg,https://img.citysport.com.pl/product_img_thumbs_position/cbx350x525/Bluza_Le_Coq_Sportif_1621200__5__kafel~1.jpg;Bluza Męska;Rozmiary:  L  XL  XXL M, Kolor: Czarny, Sezon: Wiosna/Lato;1;200;1;Odzież męska
71;Bluza Le Coq Sportif STA LF Crew Sweat "Four Leaf Clover";259.99;https://img.citysport.com.pl/product_img_thumbs_position/cbx350x525/Bluza_le_coq_sportif_1710654__1_~1.jpg,https://img.citysport.com.pl/product_img_thumbs_position/cbx350x525/Bluza_le_coq_sportif_1710654__4_.jpg;Bluza Męska;Rozmiary:  L  XL  XXL M, Kolor: Zielony, Sezon: Wiosna/Lato;1;200;1;Odzież męska
72;Bluza Le Coq Sportif STA LF FZ Hoody "Four Leaf Clover";299.99;https://img.citysport.com.pl/product_img_thumbs_position/cbx350x525/Bluza_le_coq_sportif_1710619__2_~1.jpg,https://img.citysport.com.pl/product_img_thumbs_position/cbx350x525/Bluza_le_coq_sportif_1710619__5_.jpg;Bluza Męska;Rozmiary:  L  XL  XXL M, Kolor: Zielony, Sezon: Wiosna/Lato;1;200;1;Odzież męska
73;Bluza Le Coq Sportif STA SP CotonTech Hood 1/2 ZIP "Military Green";219.99;https://img.citysport.com.pl/product_img_thumbs_position/cbx350x525/Bluza_Le_Coq_Sportif_STA_SP_CotonTech_Hood_12_ZIP_1710434__1_~1.jpg,https://img.citysport.com.pl/product_img_thumbs_position/cbx350x525/Bluza_Le_Coq_Sportif_STA_SP_CotonTech_Hood_12_ZIP_1710434__2_.jpg;Bluza Męska;Rozmiary:  L  M  XL  XXL S, Kolor: Zielony, Sezon: Wiosna/Lato;1;200;1;Odzież męska
74;Bluza Le Coq Sportif STA SP CotonTech Hood 1/2 ZIP "Dress Blue";219.99;https://img.citysport.com.pl/product_img_thumbs_position/cbx350x525/Bluza_Le_Coq_Sportif_STA_SP_CotonTech_Hood_12_ZIP_1710432___1_~1.jpg,https://img.citysport.com.pl/product_img_thumbs_position/cbx350x525/Bluza_Le_Coq_Sportif_STA_SP_CotonTech_Hood_12_ZIP_1710432___2_.jpg;Bluza Męska;Rozmiary:  L  M  XL  XXL S, Kolor: Granatowy, Sezon: Wiosna/Lato;1;200;1;Odzież męska
75;Bluza Le Coq Sportif STA SP CotonTech FZ Sweat "Light Heather Grey";209.99;https://img.citysport.com.pl/product_img_thumbs_position/cbx350x525/Bluza_Le_Coq_Sportif_1710439__3_.jpg,https://img.citysport.com.pl/product_img_thumbs_position/cbx350x525/Bluza_Le_Coq_Sportif_1710439__4__kafel~1.jpg;Bluza Męska;Rozmiary:  L  M  XL  XXL S, Kolor: Szary, Sezon: Wiosna/Lato;1;200;1;Odzież męska
76;Bluza Le Coq Sportif STA SP CotonTech FZ Sweat "Blue";209.99;https://img.citysport.com.pl/product_img_thumbs_position/cbx350x525/Bluza_Le_Coq_Sportif_1710440__3_.jpg,https://img.citysport.com.pl/product_img_thumbs_position/cbx350x525/Bluza_Le_Coq_Sportif_1710440__4__kafel~1.jpg;Bluza Męska;Rozmiary:  L  M  XXL S, Kolor: Granatowy, Sezon: Wiosna/Lato;1;200;1;Odzież męska
77;Bluza Le Coq Sportif STA SP CotonTech Hood "Black";219.99;https://img.citysport.com.pl/product_img_thumbs_position/cbx350x525/Bluza_Le_Coq_Sportif_1710433__3__kafel~1.jpg,https://img.citysport.com.pl/product_img_thumbs_position/cbx350x525/Bluza_Le_Coq_Sportif_1710433__4_.jpg;Bluza Męska;Rozmiary:  L  M  XL  XXL S, Kolor: Czarny, Sezon: Wiosna/Lato;1;200;1;Odzież męska
78;Bluza adidas ZNE HODDY "TRAGRE";319.99;https://img.citysport.com.pl/product_img_thumbs_position/cbx350x525/Bluza_adidas_ZNE_HODDY_BP8471__1_~1.jpg,https://img.citysport.com.pl/product_img_thumbs_position/cbx350x525/Bluza_adidas_ZNE_HODDY_BP8471__2_.jpg;Bluza Męska;Rozmiary:  L  M  XL S, Kolor: Szary, Sezon: Wiosna/Lato;1;200;1;Odzież męska
79;Bluza adidas ZNE CREW "MYSRED";249.99;https://img.citysport.com.pl/product_img_thumbs_position/cbx350x525/Bluza_adidas_ZNE_CREW_B46976__1_~4.jpg,https://img.citysport.com.pl/product_img_thumbs_position/cbx350x525/Bluza_adidas_ZNE_CREW_B46976__2_.jpg;Bluza Męska;Rozmiary:  L  M  XL S, Kolor: Czerwony, Sezon: Wiosna/Lato;1;200;1;Odzież męska
80;Bluza adidas ZNE HODDY "Red";319.99;https://img.citysport.com.pl/product_img_thumbs_position/cbx350x525/Bluza_adidas_ZNE_HODDY_B46986__2_.jpg,https://img.citysport.com.pl/product_img_thumbs_position/cbx350x525/Bluza_adidas_ZNE_HODDY_B46986__kafel__1_~1.jpg;Bluza Męska;Rozmiary:  L  M  XL S, Kolor: Czerwony, Sezon: Jesień/Zima;1;200;1;Odzież męska
81;Bluza adidas FZ Hood knit "Black";379.99;https://img.citysport.com.pl/product_img_thumbs_position/cbx350x525/Bluza_adidas_FZ_Hood_knit_B48879__2_.jpg,https://img.citysport.com.pl/product_img_thumbs_position/cbx350x525/Bluza_adidas_FZ_Hood_knit_B48879__kafel__1_~1.jpg;Bluza Męska;Rozmiary:  L  XL S, Kolor: Czarny, Sezon: Wiosna/Lato;1;200;1;Odzież męska
82;Bluza adidas Originals Trefoil Hoody "Blue";279.99;https://img.citysport.com.pl/product_img_thumbs_position/cbx350x525/Bluza_adidas_ORIG_3FOIL_HOOD_BK5879__1_~1.jpg,https://img.citysport.com.pl/product_img_thumbs_position/cbx350x525/Bluza_adidas_ORIG_3FOIL_HOOD_BK5879__2_.jpg;Bluza Męska;Rozmiary:  XL  XXL L, Kolor: Niebieski, Sezon: Wiosna/Lato;1;200;1;Odzież męska
83;Bluza Nike NSW Hoodie FZ FLC SP "Black";229.99;https://img.citysport.com.pl/product_img_thumbs_position/cbx350x525/Bluza_Nike_831830_010__2_~1.jpg,https://img.citysport.com.pl/product_img_thumbs_position/cbx350x525/Bluza_Nike_831830_010__4_.jpg;Bluza Męska;Rozmiary:  L  M  XL S, Kolor: Czarny, Sezon: Wiosna/Lato;1;200;1;Odzież męska
84;Bluza Reebok One Series Running LS 12 Zip "GABLE GREY S17-R";199.99;https://img.citysport.com.pl/product_img_thumbs_position/cbx350x525/Bluza_Reebok_One_Series_Running_LS_12_Zip_B47138_3___kafel~1.jpg,https://img.citysport.com.pl/product_img_thumbs_position/cbx350x525/Bluza_Reebok_One_Series_Running_LS_12_Zip_B47138_5_.jpg;Bluza Męska;Rozmiary:  L  M  XL S, Kolor: Szary, Sezon: Wiosna/Lato;1;200;1;Odzież męska
85;Bluza adidas Trefoil Fleece Crew "Medium Grey";249.99;https://img.citysport.com.pl/product_img_thumbs_position/cbx350x525/Bluza_adidas_Trefoil_Crew_BK5866__1_~1.jpg,https://img.citysport.com.pl/product_img_thumbs_position/cbx350x525/Bluza_adidas_Trefoil_Crew_BK5866__4_.jpg;Bluza Męska;Rozmiary:  L  M  XL  XXL S, Kolor: Szary, Sezon: Jesień/Zima;1;200;1;Odzież męska
86;Bluza Reebok One Series Running Wind Breaker "Black";219.99;https://img.citysport.com.pl/product_img_thumbs_position/cbx350x525/Kurtka_Reebok_One_Series_Running_Wind_Breaker_BK7336__1___kafel~1.jpg,https://img.citysport.com.pl/product_img_thumbs_position/cbx350x525/Kurtka_Reebok_One_Series_Running_Wind_Breaker_BK7336__2_.jpg;Bluza Męska;Rozmiary: XL, Kolor: Czarny, Sezon: Wiosna/Lato;1;200;1;Odzież męska
87;'Kurtka Reebok One Series Running Wind Breaker ''SOLAR YELLOW"';219.99;https://img.citysport.com.pl/product_img_thumbs_position/cbx350x525/Kurtka_Reebok_One_Series_Running_Wind_Breaker_BK7335__1___kafel~1.jpg,https://img.citysport.com.pl/product_img_thumbs_position/cbx350x525/Kurtka_Reebok_One_Series_Running_Wind_Breaker_BK7335__2_.jpg;Kurtka Męska;Rozmiary: S, Kolor: Zielony, Sezon: Wiosna/Lato;1;200;1;Odzież męska
88;Bluza adidas CLFN FT FZ Hoodie "Legend Ink";299.99;https://img.citysport.com.pl/product_img_thumbs_position/cbx350x525/AY7788__1_~1.jpg,https://img.citysport.com.pl/product_img_thumbs_position/cbx350x525/AY7788__2_.jpg;Bluza Męska;Rozmiary:  L  M  XL S, Kolor: Granatowy, Sezon: Wiosna/Lato;1;200;1;Odzież męska
89;Bluza Vans Core Zip-up Hoodie "Grey";179.99;https://img.citysport.com.pl/product_img_thumbs_position/cbx350x525/Bluza_Vans_V006IZBHH__2_~4.jpg,https://img.citysport.com.pl/product_img_thumbs_position/cbx350x525/Bluza_Vans_V006IZBHH__5_~1.jpg;Bluza Męska;Rozmiary:  L  M  XL S, Kolor: Szary, Sezon: Wiosna/Lato;1;200;1;Odzież męska
90;Bluza Kappa Atoll RN Sweatshirt Men "Marine";79.99;https://img.citysport.com.pl/product_img_thumbs_position/cbx350x525/Bluza_Kappa_303717840__2_~1.jpg,https://img.citysport.com.pl/product_img_thumbs_position/cbx350x525/Bluza_Kappa_303717840__5_.jpg;Bluza Męska;Rozmiary:  L  M  XL S, Kolor: Granatowy, Sezon: Wiosna/Lato;1;200;1;Odzież męska
91;Bluza Kappa Atoll RN Sweatshirt Men "Dark Grey";79.99;https://img.citysport.com.pl/product_img_thumbs_position/cbx350x525/Bluza_Kappa_303717490__2_~1.jpg,https://img.citysport.com.pl/product_img_thumbs_position/cbx350x525/Bluza_Kappa_303717490__5_.jpg;Bluza Męska;Rozmiary:  L M, Kolor: Szary, Sezon: Wiosna/Lato;1;200;1;Odzież męska
92;Bluza Reebok UFC FG Pullover "Batik Blue S15-R";169.99;https://img.citysport.com.pl/product_img_thumbs_position/cbx350x525/Bluza_Reebok_BJ8754__2_~1.jpg,https://img.citysport.com.pl/product_img_thumbs_position/cbx350x525/Bluza_Reebok_BJ8754__3_.jpg;Bluza Męska;Rozmiary:  XXL M, Kolor: Niebieski, Sezon: Wiosna/Lato;1;200;1;Odzież męska
93;Bluza Reebok EL Prime Group Snow Melange Crew "Primal Red S17-R";160.99;https://img.citysport.com.pl/product_img_thumbs_position/cbx350x525/Bluza_Reebok_BK5037__3_.jpg,https://img.citysport.com.pl/product_img_thumbs_position/cbx350x525/Bluza_Reebok_BK5037__4_~1.jpg;Bluza Męska;Rozmiary: XL, Kolor: Czerwony, Sezon: Wiosna/Lato;1;200;1;Odzież męska
94;Bluza Reebok Brushed Track Jacket "Dark Grey Heather";199.99;https://img.citysport.com.pl/product_img_thumbs_position/cbx350x525/Bluza_Reebok_Brushed_Track_Jacket_BK4507__2_~1.jpg,https://img.citysport.com.pl/product_img_thumbs_position/cbx350x525/Koszulka_Reebok_BK4507__4_~1.jpg;Bluza Męska;Rozmiary:  L  XL M, Kolor: Szary, Sezon: Wiosna/Lato;1;200;1;Odzież męska
95;Bluza Reebok Brushed Fleece Hoody "Carotene S17-R";169.99;https://img.citysport.com.pl/product_img_thumbs_position/cbx350x525/Bluza_Reebok_BK4498__3_.jpg,https://img.citysport.com.pl/product_img_thumbs_position/cbx350x525/Bluza_Reebok_BK4498__4_~1.jpg;Bluza Męska;Rozmiary:  L  M  XL  XXL S, Kolor: Czerwony, Sezon: Wiosna/Lato;1;200;1;Odzież męska
96;Bluza Reebok Brushed Fleece Hoody "Horizon Blue S17-R";169.99;https://img.citysport.com.pl/product_img_thumbs_position/cbx350x525/Bluza_Reebok_Brushed_Fleece_Hoody_BK4496__1_.jpg,https://img.citysport.com.pl/product_img_thumbs_position/cbx350x525/Bluza_Reebok_Brushed_Fleece_Hoody_BK4496__2__kafel~1.jpg;Bluza Męska;Rozmiary:  L  M  XL  XXL S, Kolor: Niebieski, Sezon: Wiosna/Lato;1;200;1;Odzież męska
97;Bluza Puma ESS Crew Sweat TR "Medium Gray Heather";179.99;https://img.citysport.com.pl/product_img_thumbs_position/cbx350x525/Bluza_Puma_83836703__2_~1.jpg,https://img.citysport.com.pl/product_img_thumbs_position/cbx350x525/Bluza_Puma_83836703__4_.jpg;Bluza Męska;Rozmiary:  L  M  XL S, Kolor: Szary, Sezon: Wiosna/Lato;1;200;1;Odzież męska
98;Bluza Puma Evostripe SpaceKnit FZ Hoody "Blue Danube";269.99;https://img.citysport.com.pl/product_img_thumbs_position/cbx350x525/Bluza_Puma_59062811__2_~1.jpg,https://img.citysport.com.pl/product_img_thumbs_position/cbx350x525/Bluza_Puma_59062811__5_.jpg;Bluza Męska;Rozmiary:  L  M  XL S, Kolor: Niebieski, Sezon: Wiosna/Lato;1;200;1;Odzież męska
99;Bluza Reebok F Classic Starcrest Crew "Black";199.99;https://img.citysport.com.pl/product_img_thumbs_position/cbx350x525/Bluza_Reebok_F_Classic_Starcrest_Crew_BK4162__1_~1.jpg,https://img.citysport.com.pl/product_img_thumbs_position/cbx350x525/Bluza_Reebok_F_Classic_Starcrest_Crew_BK4162__4_.jpg;Bluza Męska;Rozmiary:  L  M  XL S, Kolor: Czarny, Sezon: Wiosna/Lato;1;200;1;Odzież męska
100;Bluza Reebok F Fleece Bomber "Black";209.99;https://img.citysport.com.pl/product_img_thumbs_position/cbx350x525/Bluza_Reebok_F_Fleece_Bomber_BK3330__1_~1.jpg,https://img.citysport.com.pl/product_img_thumbs_position/cbx350x525/Bluza_Reebok_F_Fleece_Bomber_BK3330__4_.jpg;Bluza Męska;Rozmiary:  L S, Kolor: Czarny, Sezon: Wiosna/Lato;1;200;1;Odzież męska
101;Bluza Reebok LF Archive Stripe Crew "Medium Grey Heather";149.99;https://img.citysport.com.pl/product_img_thumbs_position/cbx350x525/Bluza_Reebok_LF_ARCHIVE_STRIPE_CREW_BK3832__3_~1.jpg,https://img.citysport.com.pl/product_img_thumbs_position/cbx350x525/Bluza_Reebok_LF_ARCHIVE_STRIPE_CREW_BK3832__4_.jpg;Bluza Męska;Rozmiary:  XL M, Kolor: Szary, Sezon: Wiosna/Lato;1;200;1;Odzież męska
102;Bluza adidas Essentials Base Full-Zip Hood Fleece "Medium Grey Heather";199.99;https://img.citysport.com.pl/product_img_thumbs_position/cbx350x525/BK3716__1_~1.jpg,https://img.citysport.com.pl/product_img_thumbs_position/cbx350x525/BK3716__2_.jpg;Bluza Męska;Rozmiary:  L  M  XL S, Kolor: Szary, Sezon: Jesień/Zima;1;200;1;Odzież męska
103;Bluza adidas Essentials Base Full-Zip Hood Fleece "Black";229.99;https://img.citysport.com.pl/product_img_thumbs_position/cbx350x525/BK3717__1_~1.jpg,https://img.citysport.com.pl/product_img_thumbs_position/cbx350x525/BK3717__2_.jpg;Bluza Męska;Rozmiary:  L  M  XL S, Kolor: Czarny, Sezon: Jesień/Zima;1;200;1;Odzież męska
104;Bluza Reebok Element Fleece Crew Neck "Black";129.99;https://img.citysport.com.pl/product_img_thumbs_position/cbx350x525/Bluza_Reebok_BK4997__3_.jpg,https://img.citysport.com.pl/product_img_thumbs_position/cbx350x525/Bluza_Reebok_BK4997__4_~1.jpg;Bluza Męska;Rozmiary:  L  M  XL S, Kolor: Czarny, Sezon: Wiosna/Lato;1;200;1;Odzież męska
105;Bluza Reebok Elements Seasonal French Terry Fullzip Hoodie "Medium Grey Heather";149.99;https://img.citysport.com.pl/product_img_thumbs_position/cbx350x525/Bluza_Reebok_BK4996__3_.jpg,https://img.citysport.com.pl/product_img_thumbs_position/cbx350x525/Bluza_Reebok_BK4996__4_~1.jpg;Bluza Męska;Rozmiary:  L  M  XL S, Kolor: Szary, Sezon: Jesień/Zima;1;200;1;Odzież męska
106;Bluza Reebok Element Fleece Crew Neck "Collegiate Navy";119.99;https://img.citysport.com.pl/product_img_thumbs_position/cbx350x525/Bluza_Reebok_BK4995__3_.jpg,https://img.citysport.com.pl/product_img_thumbs_position/cbx350x525/Bluza_Reebok_BK4995__4_~1.jpg;Bluza Męska;Rozmiary:  L  M  XL S, Kolor: Granatowy, Sezon: Wiosna/Lato;1;200;1;Odzież męska
107;Bluza Reebok Elements Seasonal French Terry Fullzip Hoodie "Black";159.99;https://img.citysport.com.pl/product_img_thumbs_position/cbx350x525/Reebok_Bluza_Elements_Seasonal_French_Terry_Fullzip_Hoodie_BK5065__1_kafel~1.jpg,https://img.citysport.com.pl/product_img_thumbs_position/cbx350x525/Reebok_Bluza_Elements_Seasonal_French_Terry_Fullzip_Hoodie_BK5065__2_.jpg;Bluza Męska;Rozmiary:  L  M  XL S, Kolor: Czarny, Sezon: Wiosna/Lato;1;200;1;Odzież męska
108;Bluza Reebok Elements Seasonal French Terry Fullzip Hoodie "Medium Grey Heather";159.99;https://img.citysport.com.pl/product_img_thumbs_position/cbx350x525/Bluza_Reebok_BK5064__2_~1.jpg,https://img.citysport.com.pl/product_img_thumbs_position/cbx350x525/Bluza_Reebok_BK5064__6_.jpg;Bluza Męska;Rozmiary:  L  M  XL S, Kolor: Szary, Sezon: Wiosna/Lato;1;200;1;Odzież męska
109;Bluza adidas Essentials Linear Pullover Hood French Terry "Meduim Grey";199.99;https://img.citysport.com.pl/product_img_thumbs_position/cbx350x525/Bluza_adidas_ESS_LIN_P_O_FT_S98775__4_~1.jpg,https://img.citysport.com.pl/product_img_thumbs_position/cbx350x525/Bluza_adidas_ESS_LIN_P_O_FT_S98775__5_.jpg;Bluza Męska;Rozmiary:  L  M  XL S, Kolor: Szary, Sezon: Wiosna/Lato;1;200;1;Odzież męska
110;Bluza adidas Essentials Linear AOP Crew French Terry "Black";229.99;https://img.citysport.com.pl/product_img_thumbs_position/cbx350x525/Bluza_adidas_S98766__3_.jpg,https://img.citysport.com.pl/product_img_thumbs_position/cbx350x525/Bluza_adidas_S98766__4_~1.jpg;Bluza Męska;Rozmiary:  XL S, Kolor: Czarny, Sezon: Wiosna/Lato;1;200;1;Odzież męska
111;Reebok Bluza EL Prime Group Snow Melange Crew "Grey";229.99;https://img.citysport.com.pl/product_img_thumbs_position/cbx350x525/Reebok_Bluza_EL_Prime_Group_Snow_Melange_Crew_BK5040__1_kafel~1.jpg,https://img.citysport.com.pl/product_img_thumbs_position/cbx350x525/Reebok_Bluza_EL_Prime_Group_Snow_Melange_Crew_BK5040__2_.jpg;Bluza Męska;Rozmiary:  L  M  XL  XXL S, Kolor: Szary;1;200;1;Odzież męska
112;Reebok Bluza Reebok EL Prime Group Snow Melange Crew "Collegiate Navy";229.99;https://img.citysport.com.pl/product_img_thumbs_position/cbx350x525/Bluza_Reebok_EL_Prime_Group_Crew_BK5039__1__kafel~1.jpg,https://img.citysport.com.pl/product_img_thumbs_position/cbx350x525/Bluza_Reebok_EL_Prime_Group_Crew_BK5039__2_.jpg;Bluza Męska;Rozmiary:  L  M  XL  XXL S, Kolor: Szary, Sezon: Wiosna/Lato;1;200;1;Odzież męska
113;Reebok Bluza EL Prime Group Snow Melange Full Zip "Collegiate Navy";249.99;https://img.citysport.com.pl/product_img_thumbs_position/cbx350x525/Reebok_Bluza_EL_Prime_Group_Snow_Melange_Full_Zip_BK5043__1_kafel~1.jpg,https://img.citysport.com.pl/product_img_thumbs_position/cbx350x525/Reebok_Bluza_EL_Prime_Group_Snow_Melange_Full_Zip_BK5043__2_.jpg;Bluza Męska;Rozmiary:  L  M  XL  XXL S, Kolor: Szary, Sezon: Wiosna/Lato;1;200;1;Odzież męska
114;Bluza adidas Trefoil Fleece Crew "Black";249.99;https://img.citysport.com.pl/product_img_thumbs_position/cbx350x525/Bluza_adidas_AY7791__2_~1.jpg,https://img.citysport.com.pl/product_img_thumbs_position/cbx350x525/Bluza_adidas_AY7791__5_.jpg;Bluza Męska;Rozmiary:  L  XL  XXL S, Kolor: Czarny, Sezon: Wiosna/Lato;1;200;1;Odzież męska
115;Bluza adidas Classic FN FT FZ "Black";249.99;https://img.citysport.com.pl/product_img_thumbs_position/cbx350x525/Bluza_adidas_Classic_FN_FT_FZ_BK5890__1_~1.jpg,https://img.citysport.com.pl/product_img_thumbs_position/cbx350x525/Bluza_adidas_Classic_FN_FT_FZ_BK5890__2_.jpg;Bluza Męska;Rozmiary:  L  M  XL S, Kolor: Szary, Sezon: Wiosna/Lato;1;200;1;Odzież męska
116;Bluza adidas CLFN FT FZ "Black";299.99;https://img.citysport.com.pl/product_img_thumbs_position/cbx350x525/Bluza_adidas_BK5891__2_~1.jpg,https://img.citysport.com.pl/product_img_thumbs_position/cbx350x525/Bluza_adidas_BK5891__6_.jpg;Bluza Męska;Rozmiary:  L  XL S, Kolor: Czarny, Sezon: Wiosna/Lato;1;200;1;Odzież męska
117;adidas Bluza Męska Fleece Jkt M;199.99;https://img.citysport.com.pl/product_img_thumbs_position/cbx350x525/adidas_fleece_jkt_m_G79131__1_.jpg,https://img.citysport.com.pl/product_img_thumbs_position/cbx350x525/adidas_fleece_jkt_m_G79131__3_.jpg;Bluza Męska;Rozmiary:  2X-3XL  3XL  L  L-XL  M  M-L  S  S-M  XL  XL-XXL XS-S, Kolor: Szary, Sezon: Jesień/Zima;1;200;1;Odzież męska
118;Asics Bluza Męska Graphic Crew;109.99;https://img.citysport.com.pl/product_img_thumbs_position/cbx350x525/asics_graphic_crew_1104020904__1_.jpg,https://img.citysport.com.pl/product_img_thumbs_position/cbx350x525/asics_graphic_crew_1104020904__3_.jpg;Bluza Męska;Rozmiary:  L  M  XL  XXL S, Kolor: Czarny, Sezon: Jesień/Zima;1;200;1;Odzież męska
119;Asics Bluza Męska Graphic Hoodie;139.99;https://img.citysport.com.pl/product_img_thumbs_position/cbx350x525/asics_graphic_hoodie_1105890714__1_.jpg,https://img.citysport.com.pl/product_img_thumbs_position/cbx350x525/asics_graphic_hoodie_1105890714__3_.jpg;Bluza Męska;Rozmiary:  L  M  XL S, Kolor: Szary, Sezon: Jesień/Zima;1;200;1;Odzież męska
120;Koszulka Reebok FEF TEE "Nondye";119.99;https://img.citysport.com.pl/product_img_thumbs_position/cbx350x525/BR0846_APP_on_model_back_white.jpg,https://img.citysport.com.pl/product_img_thumbs_position/cbx350x525/BR0846_APP_on_model_front_white_kafel~1.jpg;Koszulka Męska;Rozmiary:  L  M  XL  XXL S, Kolor: Biały, Sezon: Jesień/Zima;1;200;1;Odzież męska
121;Koszulka Reebok Rash Guard Reebok Combat Long Sleeve "Burnt Sienna F17-R";279.99;https://img.citysport.com.pl/product_img_thumbs_position/cbx350x525/BQ5768_APP_on_model_back_white.jpg,https://img.citysport.com.pl/product_img_thumbs_position/cbx350x525/BQ5768_APP_on_model_front_white_kafel~1.jpg;Koszulka Męska;Rozmiary:  L  M  XL  XXL S, Kolor: Czarny, Sezon: Jesień/Zima;1;200;1;Odzież męska
122;Koszulka Reebok UFC Ultimate Fan Graphic "Grey";129.99;https://img.citysport.com.pl/product_img_thumbs_position/cbx350x525/BQ2950_22.jpg,https://img.citysport.com.pl/product_img_thumbs_position/cbx350x525/BQ2950_APP_photo_front_white_kafel~1.jpg;Koszulka Damska;Rozmiary:  L  M  XL  XXL S, Kolor: Szary, Sezon: Jesień/Zima;1;200;1;Odzież męska
123;Koszulka Reebok CrossFit High Intensity Graphic "Black";129.99;https://img.citysport.com.pl/product_img_thumbs_position/cbx350x525/BR5522_APP_on_model_back_white.jpg,https://img.citysport.com.pl/product_img_thumbs_position/cbx350x525/BR5522_APP_on_model_front_white_kafel~1.jpg;Koszulka Męska;Rozmiary:  L  M  XL  XXL S, Kolor: Czarny, Sezon: Jesień/Zima;1;200;1;Odzież męska
124;Koszulka Reebok Combat Spraydye Tee "Smoky Indigo F17-R";159.99;https://img.citysport.com.pl/product_img_thumbs_position/cbx350x525/BQ5789_APP_on_model_back_white.jpg,https://img.citysport.com.pl/product_img_thumbs_position/cbx350x525/BQ5789_APP_on_model_front_white_kafel~1.jpg;Koszulka Męska;Rozmiary:  L  M  XL  XXL S, Kolor: Niebieski, Sezon: Jesień/Zima;1;200;1;Odzież męska
125;Koszulka Reebok CrossFit Compression Long Sleeve "White";399.99;https://img.citysport.com.pl/product_img_thumbs_position/cbx350x525/BS1586_APP_on_model_back_white.jpg,https://img.citysport.com.pl/product_img_thumbs_position/cbx350x525/BS1586_APP_on_model_front_white_kafel~1.jpg;Koszulka Męska;Rozmiary:  L M, Kolor: Biały, Sezon: Jesień/Zima;1;200;1;Odzież męska
126;Koszulka Reebok Workout Ready Compression Brushed Long Sleeve "Black";169.99;https://img.citysport.com.pl/product_img_thumbs_position/cbx350x525/BQ3615_APP_on_model_back_white.jpg,https://img.citysport.com.pl/product_img_thumbs_position/cbx350x525/BQ3615_APP_on_model_front_white_kafel~1.jpg;Koszulka Męska;Rozmiary:  L  M  XL  XXL S, Kolor: Czarny, Sezon: Jesień/Zima;1;200;1;Odzież męska
127;Koszulka Reebok ACTIVCHILL Graphic Long Sleeve Compression "Army Green F17-R";179.99;https://img.citysport.com.pl/product_img_thumbs_position/cbx350x525/BR9581_APP_on_model_back_white.jpg,https://img.citysport.com.pl/product_img_thumbs_position/cbx350x525/BR9581_APP_on_model_front_white_kafel~1.jpg;Koszulka Męska;Rozmiary:  L  M  XL  XXL S, Kolor: Zielony, Sezon: Jesień/Zima;1;200;1;Odzież męska
128;Koszulka Reebok UFC FG Logo SS "Army Green F17-R";149.99;https://img.citysport.com.pl/product_img_thumbs_position/cbx350x525/BR0377_APP_photo_front_white_kafel~1.jpg;Koszulka Męska;Rozmiary:  L  M  XL  XXL S, Kolor: Zielony, Sezon: Jesień/Zima;1;200;1;Odzież męska
129;Koszulka adidas Rose City SS "Grey";169.99;https://img.citysport.com.pl/product_img_thumbs_position/cbx350x525/BS2780_APP_on_model_back_white.jpg,https://img.citysport.com.pl/product_img_thumbs_position/cbx350x525/BS2780_APP_on_model_standard_white_kafel_kafel~1.jpg;Koszulka Męska;Rozmiary:  L  M  XL S, Kolor: Szary, Sezon: Jesień/Zima;1;200;1;Odzież męska
130;Koszulka Reebok Activchill Graphic Long Sleeve Compression "Black";179.99;https://img.citysport.com.pl/product_img_thumbs_position/cbx350x525/BR9579_APP_on_model_back_white.jpg,https://img.citysport.com.pl/product_img_thumbs_position/cbx350x525/BR9579_APP_on_model_front_white_kafel~1.jpg;Koszulka Męska;Rozmiary:  L  M  XL  XXL S, Kolor: Czarny, Sezon: Jesień/Zima;1;200;1;Odzież męska
131;Koszulka Reebok ACTIV CHILL Compression Tee "Camo";169.99;https://img.citysport.com.pl/product_img_thumbs_position/cbx350x525/BR9566_APP_on_model_back_white.jpg,https://img.citysport.com.pl/product_img_thumbs_position/cbx350x525/BR9566_APP_on_model_front_white_kafel~1.jpg;Koszulka Męska;Rozmiary:  L  M  XL  XXL S, Kolor: Zielony, Sezon: Jesień/Zima;1;200;1;Odzież męska
132;Koszulka Reebok ACTIV CHILL Graphic Compe Tee "Glow Red F17-R";169.99;https://img.citysport.com.pl/product_img_thumbs_position/cbx350x525/BR9572_APP_on_model_back_white.jpg,https://img.citysport.com.pl/product_img_thumbs_position/cbx350x525/BR9572_APP_on_model_front_white_kafel~1.jpg;Koszulka Męska;Rozmiary:  L  M  XL  XXL S, Kolor: Czerwony, Sezon: Jesień/Zima;1;200;1;Odzież męska
133;Koszulka Nike M NSW TEE PRNT PK GAME "Black";99.99;https://img.citysport.com.pl/product_img_thumbs_position/cbx350x525/834717_010_PHSBH001_3144.jpg,https://img.citysport.com.pl/product_img_thumbs_position/cbx350x525/834717_010_PHSFH001_3144_kafel~1.jpg;Koszulka Męska;Rozmiary:  L  M  XL S, Kolor: Czarny, Sezon: Wiosna/Lato;1;200;1;Odzież męska
134;Koszulka Nike M NK SB TEE CTN TC QUILT "Navy";99.99;https://img.citysport.com.pl/product_img_thumbs_position/cbx350x525/852770_451_PHSBH001_3144.jpg,https://img.citysport.com.pl/product_img_thumbs_position/cbx350x525/852770_451_PHSFH001_3144_kafel~1.jpg;Koszulka Męska;Rozmiary:  L  M  XL S, Kolor: Granatowy, Sezon: Jesień/Zima;1;200;1;Odzież męska
135;Koszulka Nike NSW TEE PRNT PK GAME "White";99.99;https://img.citysport.com.pl/product_img_thumbs_position/cbx350x525/834717_100_PHSBH001_3144.jpg,https://img.citysport.com.pl/product_img_thumbs_position/cbx350x525/834717_100_PHSFH001_3144_kafel~1.jpg;Koszulka Męska;Rozmiary:  L  M  XL S, Kolor: Biały, Sezon: Wiosna/Lato;1;200;1;Odzież męska
136;Koszulka Nike M NSW TEE ICON FUTURA "White";99.99;https://img.citysport.com.pl/product_img_thumbs_position/cbx350x525/696707_105__1__kafel~1.jpg,https://img.citysport.com.pl/product_img_thumbs_position/cbx350x525/696707_105__2_.jpg;Koszulka Męska;Rozmiary:  XXL S, Kolor: Biały, Sezon: Jesień/Zima;1;200;1;Odzież męska
137;Koszulka Reebok Speedwick Blend Graphic Tee "Chalk";149.99;https://img.citysport.com.pl/product_img_thumbs_position/cbx350x525/BQ3496_APP_on_model_back_white.jpg,https://img.citysport.com.pl/product_img_thumbs_position/cbx350x525/BQ3496_APP_on_model_front_white_kafel~1.jpg;Koszulka Męska;Rozmiary:  L  M  XL  XXL S, Kolor: Beżowy, Sezon: Jesień/Zima;1;200;1;Odzież męska
138;Koszulka Nike SB Dry Rooster "Black";119.99;https://img.citysport.com.pl/product_img_thumbs_position/cbx350x525/906207_010__1__kafel~1.jpg,https://img.citysport.com.pl/product_img_thumbs_position/cbx350x525/906207_010__2_.jpg;Koszulka Męska;Rozmiary:  L  M  XXL S, Kolor: Czarny, Sezon: Jesień/Zima;1;200;1;Odzież męska
139;Koszulka Le Coq Sportif Coton Tech Tee SS "Black Mars";129.99;https://img.citysport.com.pl/product_img_thumbs_position/cbx350x525/1720628_2~1.jpg,https://img.citysport.com.pl/product_img_thumbs_position/cbx350x525/1720628_3.jpg;Koszulka Męska;Rozmiary:  L  M  XL S, Kolor: Czarny, Sezon: Jesień/Zima;1;200;1;Odzież męska
140;Koszulka Le Coq Sportif Tee SS Marshmallow "White";119.99;https://img.citysport.com.pl/product_img_thumbs_position/cbx350x525/1720335__1_~1.jpg,https://img.citysport.com.pl/product_img_thumbs_position/cbx350x525/1720335__4_.jpg;Koszulka Męska;Rozmiary:  L  M  XL S, Kolor: Biały, Sezon: Jesień/Zima;1;200;1;Odzież męska
141;Koszulka Nike SB Logo Tee "White";119.99;https://img.citysport.com.pl/product_img_thumbs_position/cbx350x525/821946_100_PHSBH001_3144.jpg,https://img.citysport.com.pl/product_img_thumbs_position/cbx350x525/821946_100_PHSFH001_3144_kafel~1.jpg;Koszulka Męska;Rozmiary:  XXL M, Kolor: Biały, Sezon: Jesień/Zima;1;200;1;Odzież męska
142;Koszulka Nike NK SB CTN TC Quilt "White";99.99;https://img.citysport.com.pl/product_img_thumbs_position/cbx350x525/852770_100_PHSBH001_3144.jpg,https://img.citysport.com.pl/product_img_thumbs_position/cbx350x525/852770_100_PHSFH001_3144_kafel~1.jpg;Koszulka Męska;Rozmiary:  L  M  XL  XXL S, Kolor: Biały, Sezon: Jesień/Zima;1;200;1;Odzież męska
143;Koszulka adidas Orig Trefoil T "Legend Ink F17";129.99;https://img.citysport.com.pl/product_img_thumbs_position/cbx350x525/BQ7940_APP_on_model_back_white.jpg,https://img.citysport.com.pl/product_img_thumbs_position/cbx350x525/BQ7940_APP_on_model_standard_outfit_white_kafel.jpg;Koszulka Męska;Rozmiary:  L  M  XL S, Kolor: Granatowy, Sezon: Jesień/Zima;1;200;1;Odzież męska
144;Koszulka adidas PDX Classic Tee "White";169.99;https://img.citysport.com.pl/product_img_thumbs_position/cbx350x525/BS2805_APP_on_model_back_white.jpg,https://img.citysport.com.pl/product_img_thumbs_position/cbx350x525/BS2805_APP_on_model_standard_white_kafel~1.jpg;Koszulka Męska;Rozmiary:  L  M  XL S, Kolor: Biały, Sezon: Jesień/Zima;1;200;1;Odzież męska
145;Koszulka adidas Trefoil LS Tee "Medium Grey Heather";169.99;https://img.citysport.com.pl/product_img_thumbs_position/cbx350x525/BR2021_APP_on_model_back_white.jpg,https://img.citysport.com.pl/product_img_thumbs_position/cbx350x525/BR2021_APP_on_model_standard_white~1.jpg;Koszulka Męska;Rozmiary:  L  M  XL S, Kolor: Szary, Sezon: Jesień/Zima;1;200;1;Odzież męska
146;Koszulka Asics SS Polo "White";109.99;https://img.citysport.com.pl/product_img_thumbs_position/cbx350x525/1250770001__4_~1.jpg,https://img.citysport.com.pl/product_img_thumbs_position/cbx350x525/1250770001__6_.jpg;Koszulka Męska;Rozmiary:  L  M  XL  XXL S, Kolor: Biały, Sezon: Jesień/Zima;1;200;1;Odzież męska
147;Koszulka Champion "White";59.99;https://img.citysport.com.pl/product_img_thumbs_position/cbx350x525/211393006__4_~1.jpg,https://img.citysport.com.pl/product_img_thumbs_position/cbx350x525/211393006__6_.jpg;Koszulka Męska;Rozmiary:  L  M  XL S, Kolor: Biały, Sezon: Jesień/Zima;1;200;1;Odzież męska
148;Koszulka Champion "Grey";59.99;https://img.citysport.com.pl/product_img_thumbs_position/cbx350x525/2113891149__4_~1.jpg,https://img.citysport.com.pl/product_img_thumbs_position/cbx350x525/2113891149__6_.jpg;Koszulka Męska;Rozmiary:  L  M  XL S, Kolor: Szary, Sezon: Jesień/Zima;1;200;1;Odzież męska
149;Koszulka Puma ESS No.1 Tee "Dark Grey Heather";89.99;https://img.citysport.com.pl/product_img_thumbs_position/cbx350x525/83824107__4_~1.jpg,https://img.citysport.com.pl/product_img_thumbs_position/cbx350x525/83824107__6_.jpg;Koszulka Męska;Rozmiary:  L  M  XL S, Kolor: Szary, Sezon: Jesień/Zima;1;200;1;Odzież męska
150;Koszulka Asics SS Polo "Black";109.99;https://img.citysport.com.pl/product_img_thumbs_position/cbx350x525/1250770904__4_~1.jpg,https://img.citysport.com.pl/product_img_thumbs_position/cbx350x525/1250770904__6_.jpg;Koszulka Męska Polo;Rozmiary:  L  M  XL  XXL S, Kolor: Czarny, Sezon: Jesień/Zima;1;200;1;Odzież męska
151;Koszulka Champion "Black";59.99;https://img.citysport.com.pl/product_img_thumbs_position/cbx350x525/2113922175__4_~1.jpg,https://img.citysport.com.pl/product_img_thumbs_position/cbx350x525/2113922175__6_.jpg;Koszulka Męska;Rozmiary:  L  M  XL S, Kolor: Czarny, Sezon: Jesień/Zima;1;200;1;Odzież męska
152;Koszulka Champion "Navy";59.99;https://img.citysport.com.pl/product_img_thumbs_position/cbx350x525/2113892192__4_~1.jpg,https://img.citysport.com.pl/product_img_thumbs_position/cbx350x525/2113892192__6_.jpg;Koszulka Męska;Rozmiary:  L  M  XL S, Kolor: Granatowy, Sezon: Jesień/Zima;1;200;1;Odzież męska
153;Koszulka Champion "Black";59.99;https://img.citysport.com.pl/product_img_thumbs_position/cbx350x525/2113932192__4_~1.jpg,https://img.citysport.com.pl/product_img_thumbs_position/cbx350x525/2113932192__6_.jpg;Koszulka Męska;Rozmiary:  L  M  XL S, Kolor: Czarny, Sezon: Jesień/Zima;1;200;1;Odzież męska
154;Koszulka Champion "Blue";59.99;https://img.citysport.com.pl/product_img_thumbs_position/cbx350x525/2113938714__4_~1.jpg,https://img.citysport.com.pl/product_img_thumbs_position/cbx350x525/2113938714__6_.jpg;Koszulka Męska;Rozmiary:  L  M  XL S, Kolor: Niebieski, Sezon: Jesień/Zima;1;200;1;Odzież męska
155;Koszulka Champion "Blue";59.99;https://img.citysport.com.pl/product_img_thumbs_position/cbx350x525/2111998714__4_~1.jpg,https://img.citysport.com.pl/product_img_thumbs_position/cbx350x525/2111998714__6_.jpg;Plecak Sportowy;Rozmiary:  L  M  XL S, Kolor: Niebieski, Sezon: Wiosna/Lato;1;200;1;Odzież męska
156;Koszulka Champion "Blue";59.99;https://img.citysport.com.pl/product_img_thumbs_position/cbx350x525/2113898714__4_~1.jpg,https://img.citysport.com.pl/product_img_thumbs_position/cbx350x525/2113898714__6_.jpg;Koszulka Męska;Rozmiary:  L  M  XL S, Kolor: Niebieski, Sezon: Jesień/Zima;1;200;1;Odzież męska
157;Koszulka Columbia Triple Canyon Tech Polo "Blue";149.99;https://img.citysport.com.pl/product_img_thumbs_position/cbx350x525/AO1287448__4_~1.jpg,https://img.citysport.com.pl/product_img_thumbs_position/cbx350x525/AO1287448__5_.jpg;Koszulka Męska;Rozmiary:  L  XL  XXL M, Kolor: Niebieski, Sezon: Jesień/Zima;1;200;1;Odzież męska
158;Koszulka Champion "Blue";59.99;https://img.citysport.com.pl/product_img_thumbs_position/cbx350x525/2113928714__4_~1.jpg,https://img.citysport.com.pl/product_img_thumbs_position/cbx350x525/2113928714__6_.jpg;Koszulka Męska;Rozmiary:  L  M  XL S, Kolor: Niebieski, Sezon: Jesień/Zima;1;200;1;Odzież męska
159;Koszulka Puma Ferrari Polo Rosso Corsa "White";159.99;https://img.citysport.com.pl/product_img_thumbs_position/cbx350x525/57067803__3_~1.jpg,https://img.citysport.com.pl/product_img_thumbs_position/cbx350x525/57067803__4_.jpg;Koszulka Męska Polo;Rozmiary:  L  M  XL  XXL S, Kolor: Biały, Sezon: Jesień/Zima;1;200;1;Odzież męska
160;Koszulka Puma Ferrari Polo Rosso Corsa "Red";159.99;https://img.citysport.com.pl/product_img_thumbs_position/cbx350x525/57067802__3_~1.jpg,https://img.citysport.com.pl/product_img_thumbs_position/cbx350x525/57067802__4_.jpg;Koszulka Męska;Rozmiary:  L  M  XL  XXL XS, Kolor: Czerwony, Sezon: Jesień/Zima;1;200;1;Odzież męska
161;Koszulka New Balance BSTN Graphic Tee "Grey";99.99;https://img.citysport.com.pl/product_img_thumbs_position/cbx350x525/Koszulka_New_Balance_BSTN_Graphic_Tee_MT71535AG__1_~1.jpg,https://img.citysport.com.pl/product_img_thumbs_position/cbx350x525/Koszulka_New_Balance_BSTN_Graphic_Tee_MT71535AG__2_.jpg;Koszulka Męska;Rozmiary:  L  M  XL S, Kolor: Szary, Sezon: Wiosna/Lato;1;200;1;Odzież męska
162;Koszulka New Balance M NB ATTACK TEE "White";99.99;https://img.citysport.com.pl/product_img_thumbs_position/cbx350x525/Koszulka_New_Balance_M_NB_ATTACK_TEE_AMT71638WT__1_~1.jpg,https://img.citysport.com.pl/product_img_thumbs_position/cbx350x525/_T8A0909_2.jpg;Koszulka Męska;Rozmiary:  L  M S, Kolor: Biały, Sezon: Wiosna/Lato;1;200;1;Odzież męska
163;Koszulka Champion AXIL Polo SS "Grey Melange";99.99;https://img.citysport.com.pl/product_img_thumbs_position/cbx350x525/1102135700T__3_~1.jpg,https://img.citysport.com.pl/product_img_thumbs_position/cbx350x525/1102135700T__4_.jpg;Koszulka Męska Polo;Rozmiary:  L  M  XL S, Kolor: Szary, Sezon: Jesień/Zima;1;200;1;Odzież męska
164;Koszulka Outhorn All Day Active "White";59.99;https://img.citysport.com.pl/product_img_thumbs_position/cbx350x525/Koszulka_Outhorn_All_Day_Active_TSM6060__1_~1.jpg,https://img.citysport.com.pl/product_img_thumbs_position/cbx350x525/Koszulka_Outhorn_All_Day_Active_TSM6060__2_.jpg;Koszulka Męska;Rozmiary:  M  XL  XXL S, Kolor: Biały, Sezon: Wiosna/Lato;1;200;1;Odzież męska
165;Koszulka New Balance Boston Tee "Grey";89.99;https://img.citysport.com.pl/product_img_thumbs_position/cbx350x525/Koszulka_New_Balance_Boston_Tee_MT71506AG__1_~1.jpg,https://img.citysport.com.pl/product_img_thumbs_position/cbx350x525/Koszulka_New_Balance_Boston_Tee_MT71506AG__2_.jpg;Koszulka Męska;Rozmiary:  M S, Kolor: Szary, Sezon: Wiosna/Lato;1;200;1;Odzież męska
166;Koszulka Champion AXIL Polo SS "Black";99.99;https://img.citysport.com.pl/product_img_thumbs_position/cbx350x525/1102135725Y__3_~1.jpg,https://img.citysport.com.pl/product_img_thumbs_position/cbx350x525/1102135725Y__4_.jpg;Koszulka Męska Polo;Rozmiary: XL, Kolor: Czarny, Sezon: Jesień/Zima;1;200;1;Odzież męska
167;Koszulka Reebok Spartan Stealth SS Tee "Rugged Maroon F12-R";179.99;https://img.citysport.com.pl/product_img_thumbs_position/cbx350x525/CD7968_APP_on_model_back_white.jpg,https://img.citysport.com.pl/product_img_thumbs_position/cbx350x525/CD7968_APP_on_model_front_white_kafel~1.jpg;Koszulka Męska;Rozmiary:  L S, Kolor: Bordowy, Sezon: Jesień/Zima;1;200;1;Odzież męska
168;Koszulka New Balance BSTN Graphic Tee "Black";99.99;https://img.citysport.com.pl/product_img_thumbs_position/cbx350x525/MT71535BK__4_~1.jpg,https://img.citysport.com.pl/product_img_thumbs_position/cbx350x525/MT71535BK__6_.jpg;Koszulka Męska;Rozmiary:  L  XL M, Kolor: Czarny, Sezon: Wiosna/Lato;1;200;1;Odzież męska
169;'Koszulka Columbia Rough N'' Rocky Short Sleeve Tec "Navy"';79.99;https://img.citysport.com.pl/product_img_thumbs_position/cbx350x525/JM1330492__4_~1.jpg,https://img.citysport.com.pl/product_img_thumbs_position/cbx350x525/JM1330492__6_.jpg;Koszulka Męska;Rozmiary:  L  XL  XXL M, Kolor: Granatowy, Sezon: Jesień/Zima;1;200;1;Odzież męska
170;Koszulka Vans Classic Snow Heather GH "Grey";119.99;https://img.citysport.com.pl/product_img_thumbs_position/cbx350x525/V005Y1KQK__4_~1.jpg,https://img.citysport.com.pl/product_img_thumbs_position/cbx350x525/V005Y1KQK__6_.jpg;Koszulka Męska;Rozmiary:  L  M  XL S, Kolor: Szary, Sezon: Jesień/Zima;1;200;1;Odzież męska
171;Koszulka Puma Rebel Tee "Olive Night";99.99;https://img.citysport.com.pl/product_img_thumbs_position/cbx350x525/59245314__1_~1.jpg,https://img.citysport.com.pl/product_img_thumbs_position/cbx350x525/59245314__3_.jpg;Koszulka Męska;Rozmiary:  L  M  XL S, Kolor: Brązowy, Sezon: Wiosna/Lato;1;200;1;Odzież męska
172;Koszulka Vans Classic Snow Rhubarb HR "Watermelon";99.99;https://img.citysport.com.pl/product_img_thumbs_position/cbx350x525/V005Y1J5__4_~1.jpg,https://img.citysport.com.pl/product_img_thumbs_position/cbx350x525/V005Y1J5__6_.jpg;Koszulka Męska;Rozmiary:  L  M  XL S, Kolor: Różowy, Sezon: Jesień/Zima;1;200;1;Odzież męska
173;Koszulka Converse Chuck Taylor "White";109.99;https://img.citysport.com.pl/product_img_thumbs_position/cbx350x525/10002848A02__1_~1.jpg,https://img.citysport.com.pl/product_img_thumbs_position/cbx350x525/10002848A02__3_.jpg;Koszulka Męska;Rozmiary:  L  XL  XXL M, Kolor: Biały, Sezon: Jesień/Zima;1;200;1;Odzież męska
174;Koszulka Columbia Mountain Tech III Short Sleevey "Navy";99.99;https://img.citysport.com.pl/product_img_thumbs_position/cbx350x525/EM6909464__4_~1.jpg,https://img.citysport.com.pl/product_img_thumbs_position/cbx350x525/EM6909464__6_.jpg;Koszulka Męska;Rozmiary:  L  XL  XXL M, Kolor: Granatowy, Sezon: Jesień/Zima;1;200;1;Odzież męska
175;Koszulka New Balance Classic SS Logo T "Navy";89.99;https://img.citysport.com.pl/product_img_thumbs_position/cbx350x525/MT63554NV__1_~1.jpg,https://img.citysport.com.pl/product_img_thumbs_position/cbx350x525/MT63554NV__3_.jpg;Koszulka Męska;Rozmiary:  M  XL S, Kolor: Granatowy, Sezon: Wiosna/Lato;1;200;1;Odzież męska
176;'Koszulka Columbia Rough N'' Rocky Short Sleeve Tee "Black"';79.99;https://img.citysport.com.pl/product_img_thumbs_position/cbx350x525/JM1330012__1_~1.jpg,https://img.citysport.com.pl/product_img_thumbs_position/cbx350x525/JM1330012__3_.jpg;Koszulka Męska;Rozmiary:  L  XL  XXL M, Kolor: Czarny, Sezon: Wiosna/Lato;1;200;1;Odzież męska
177;Koszulka Puma Rebel Tee "Black";99.99;https://img.citysport.com.pl/product_img_thumbs_position/cbx350x525/59245301__4_~1.jpg,https://img.citysport.com.pl/product_img_thumbs_position/cbx350x525/59245301__6_.jpg;Koszulka Męska;Rozmiary:  L  M  XL S, Kolor: Czarny, Sezon: Jesień/Zima;1;200;1;Odzież męska
178;Koszulka Champion Dolan BR Tee SS "Navy";59.99;https://img.citysport.com.pl/product_img_thumbs_position/cbx350x525/1102053526Y__4_~1.jpg,https://img.citysport.com.pl/product_img_thumbs_position/cbx350x525/1102053526Y__6_.jpg;Koszulka Męska;Rozmiary:  L  M  XL S, Kolor: Granatowy, Sezon: Jesień/Zima;1;200;1;Odzież męska
179;Koszulka Vans MN OTW "Navy";109.99;https://img.citysport.com.pl/product_img_thumbs_position/cbx350x525/VJAYLWR__1_~1.jpg,https://img.citysport.com.pl/product_img_thumbs_position/cbx350x525/VJAYLWR__3_.jpg;Koszulka Męska;Rozmiary:  M  XL S, Kolor: Granatowy, Sezon: Jesień/Zima;1;200;1;Odzież męska
180;Koszulka Champion Dolan BR Tee SS "Black";59.99;https://img.citysport.com.pl/product_img_thumbs_position/cbx350x525/2113892175__4_~1.jpg,https://img.citysport.com.pl/product_img_thumbs_position/cbx350x525/2113892175__6_.jpg;Koszulka Męska;Rozmiary:  L  XL M, Kolor: Czarny, Sezon: Jesień/Zima;1;200;1;Odzież męska
181;Koszulka New Balance Boston TEE "Navy";109.99;https://img.citysport.com.pl/product_img_thumbs_position/cbx350x525/MT71506NV__1_~1.jpg,https://img.citysport.com.pl/product_img_thumbs_position/cbx350x525/MT71506NV__3_.jpg;Koszulka Męska;Rozmiary:  L  M  XL S, Kolor: Niebieski, Sezon: Jesień/Zima;1;200;1;Odzież męska
182;Koszulka Champion Dolan BR Tee SS "Black";59.99;https://img.citysport.com.pl/product_img_thumbs_position/cbx350x525/1102053525Y__4_~1.jpg,https://img.citysport.com.pl/product_img_thumbs_position/cbx350x525/1102053525Y__6_.jpg;Koszulka Męska;Rozmiary:  L  M  XL S, Kolor: Czarny, Sezon: Jesień/Zima;1;200;1;Odzież męska
183;Koszulka Vans MN CLASSIC "True Blue";79.99;https://img.citysport.com.pl/product_img_thumbs_position/cbx350x525/VGGGAMQ__1_.jpg,https://img.citysport.com.pl/product_img_thumbs_position/cbx350x525/VGGGAMQ__5_~1.jpg;Koszulka Męska;Rozmiary:  L  M  XL S, Kolor: Niebieski, Sezon: Jesień/Zima;1;200;1;Odzież męska
184;Koszulka Champion Dolan BR TEE SS "Grey Melange";59.99;https://img.citysport.com.pl/product_img_thumbs_position/cbx350x525/1102053500T__3_~1.jpg,https://img.citysport.com.pl/product_img_thumbs_position/cbx350x525/1102053500T__4_.jpg;Koszulka Męska;Rozmiary:  L  M  XL S, Kolor: Szary, Sezon: Wiosna/Lato;1;200;1;Odzież męska
185;Koszulka Columbia CSC Mountain Sunset Tee "Black";79.99;https://img.citysport.com.pl/product_img_thumbs_position/cbx350x525/JM1547011__3_~1.jpg,https://img.citysport.com.pl/product_img_thumbs_position/cbx350x525/JM1547011__4_.jpg;Koszulka Męska;Rozmiary:  L  XL  XXL M, Kolor: Czarny, Sezon: Wiosna/Lato;1;200;1;Odzież męska
186;Koszulka New Balance Boston Tee "White";89.99;https://img.citysport.com.pl/product_img_thumbs_position/cbx350x525/MT71506__3_~1.jpg,https://img.citysport.com.pl/product_img_thumbs_position/cbx350x525/MT71506__4_.jpg;Koszulka Męska;Rozmiary:  L  M  XL S, Kolor: Biały, Sezon: Wiosna/Lato;1;200;1;Odzież męska
187;Koszulka New Balance BSTN Graphic Tee "White";99.99;https://img.citysport.com.pl/product_img_thumbs_position/cbx350x525/MT71535__3_~1.jpg,https://img.citysport.com.pl/product_img_thumbs_position/cbx350x525/MT71535__4_.jpg; ;Rozmiary:  L  M  XL S, Kolor: Biały, Sezon: Wiosna/Lato;1;200;1;Odzież męska
188;Koszulka Outhorn All Day Active "Bottle green";59.99;https://img.citysport.com.pl/product_img_thumbs_position/cbx350x525/Koszulka_Outhorn_TSM6011569__1_~1.jpg,https://img.citysport.com.pl/product_img_thumbs_position/cbx350x525/Koszulka_Outhorn_TSM6011569__2_.jpg;Koszulka Męska;Rozmiary:  M  XL S, Kolor: Zielony, Sezon: Wiosna/Lato;1;200;1;Odzież męska
189;Koszulka Converse Texture Boxstar Fill Tee "Orange";89.99;https://img.citysport.com.pl/product_img_thumbs_position/cbx350x525/10003677A02__3_~1.jpg,https://img.citysport.com.pl/product_img_thumbs_position/cbx350x525/10003677A02__4_.jpg;Koszulka Męska;Rozmiary:  L  XL M, Kolor: Pomarańczowy, Sezon: Wiosna/Lato;1;200;1;Odzież męska
190;Koszulka Converse Stripe Fill CP Tee "Grey";89.99;https://img.citysport.com.pl/product_img_thumbs_position/cbx350x525/10003396A03__3_~1.jpg,https://img.citysport.com.pl/product_img_thumbs_position/cbx350x525/10003396A03__4_.jpg;Koszulka Męska;Rozmiary:  L  XL  XXL M, Kolor: Czarny, Sezon: Wiosna/Lato;1;200;1;Odzież męska
191;Koszulka New Balance M Attack Tee "Grey/Red";99.99;https://img.citysport.com.pl/product_img_thumbs_position/cbx350x525/Koszulka_New_Balance_M_Attack_Tee_AMT71638HGR__1_~1.jpg,https://img.citysport.com.pl/product_img_thumbs_position/cbx350x525/Koszulka_New_Balance_M_Attack_Tee_AMT71638HGR__2_.jpg;Koszulka Męska;Rozmiary:  L  M  XL S, Kolor: Szary, Sezon: Wiosna/Lato;1;200;1;Odzież męska
192;Koszulka Columbia CSC Moutain Sunset Tee "White";79.99;https://img.citysport.com.pl/product_img_thumbs_position/cbx350x525/Koszulka_Columbia_CSC_Moutain_Sunset_Tee_JM1547101__1_~1.jpg,https://img.citysport.com.pl/product_img_thumbs_position/cbx350x525/Koszulka_Columbia_CSC_Moutain_Sunset_Tee_JM1547101__2_.jpg;Koszulka Męska;Rozmiary:  L  XL  XXL M, Kolor: Biały, Sezon: Wiosna/Lato;1;200;1;Odzież męska
193;Koszulka New Balance Classic SS Logo T "Grey";89.99;https://img.citysport.com.pl/product_img_thumbs_position/cbx350x525/Koszulka_New_Balance_Classic_SS_Logo_T_MT63554AG__1_~1.jpg,https://img.citysport.com.pl/product_img_thumbs_position/cbx350x525/Koszulka_New_Balance_Classic_SS_Logo_T_MT63554AG__2_.jpg;Koszulka Męska;Rozmiary:  L S, Kolor: Szary, Sezon: Wiosna/Lato;1;200;1;Odzież męska
194;Koszulka Reebok F Franchise Starcrest Tee "Collegiate Navy";119.99;https://img.citysport.com.pl/product_img_thumbs_position/cbx350x525/BQ3565__4_~1.jpg,https://img.citysport.com.pl/product_img_thumbs_position/cbx350x525/BQ3565__6_.jpg;Koszulka Męska;Rozmiary:  L  M  XL  XXL S, Kolor: Granatowy, Sezon: Jesień/Zima;1;200;1;Odzież męska
195;Koszulka Reebok F Franchise Starcrest Tee "Grey";119.99;https://img.citysport.com.pl/product_img_thumbs_position/cbx350x525/BQ3577__4_~1.jpg,https://img.citysport.com.pl/product_img_thumbs_position/cbx350x525/BQ3577__6_.jpg;Koszulka Męska;Rozmiary:  L  M  XL  XXL S, Kolor: Szary, Sezon: Jesień/Zima;1;200;1;Odzież męska
196;Koszulka Reebok Diamond "Black";99.99;https://img.citysport.com.pl/product_img_thumbs_position/cbx350x525/BR5639__2_.jpg,https://img.citysport.com.pl/product_img_thumbs_position/cbx350x525/BR5639__6__kafel~1.jpg;Koszulka Męska;Rozmiary:  L  M  XL  XXL S, Kolor: Czarny, Sezon: Jesień/Zima;1;200;1;Odzież męska
197;Koszulka Reebok Diamond "Smoind";99.99;https://img.citysport.com.pl/product_img_thumbs_position/cbx350x525/BR5627__2_.jpg,https://img.citysport.com.pl/product_img_thumbs_position/cbx350x525/BR5627__6__kafel~1.jpg;Koszulka Męska;Rozmiary:  L  M  XL  XXL S, Kolor: Niebieski, Sezon: Jesień/Zima;1;200;1;Odzież męska
198;Koszulka Reebok SRM SS TEE 2 "Ironst";129.99;https://img.citysport.com.pl/product_img_thumbs_position/cbx350x525/BR4547__2_.jpg,https://img.citysport.com.pl/product_img_thumbs_position/cbx350x525/BR4547__6__kafel~1.jpg;Koszulka Męska;Rozmiary:  L  M  XL  XXL S, Kolor: Szary, Sezon: Wiosna/Lato;1;200;1;Odzież męska
199;Koszulka Reebok RUN SS TEE "VITBLU";99.99;https://img.citysport.com.pl/product_img_thumbs_position/cbx350x525/BR4456__2_.jpg,https://img.citysport.com.pl/product_img_thumbs_position/cbx350x525/BR4456__6__kafel~1.jpg;Koszulka Męska;Rozmiary:  L  M  XL S, Kolor: Niebieski, Sezon: Wiosna/Lato;1;200;1;Odzież męska
200;Koszulka Reebok RUN SS TEE "Black";99.99;https://img.citysport.com.pl/product_img_thumbs_position/cbx350x525/BR4450__2_.jpg,https://img.citysport.com.pl/product_img_thumbs_position/cbx350x525/BR4450__6__kafel~1.jpg;Koszulka Męska;Rozmiary:  L  XL S, Kolor: Czarny, Sezon: Jesień/Zima;1;200;1;Odzież męska
201;Koszulka Reebok SRM SS TECH "Ironst";149.99;https://img.citysport.com.pl/product_img_thumbs_position/cbx350x525/BR4555__2_.jpg,https://img.citysport.com.pl/product_img_thumbs_position/cbx350x525/BR4555__6__kafel~1.jpg;Koszulka Męska;Rozmiary:  L  M  XL  XXL S, Kolor: Szary, Sezon: Jesień/Zima;1;200;1;Odzież męska
202;Koszulka Reebok SRM LS BRAND "Ironst";149.99;https://img.citysport.com.pl/product_img_thumbs_position/cbx350x525/BR4550__4_~1.jpg,https://img.citysport.com.pl/product_img_thumbs_position/cbx350x525/BR4550__6_.jpg;Koszulka Męska;Rozmiary:  L  M  XL S, Kolor: Szary, Sezon: Wiosna/Lato;1;200;1;Odzież męska
203;Koszulka Reebok F Pique Polo "Medium Grey";159.99;https://img.citysport.com.pl/product_img_thumbs_position/cbx350x525/BQ3434__4_~2.jpg,https://img.citysport.com.pl/product_img_thumbs_position/cbx350x525/BQ3434__6_.jpg;Koszulka Męska;Rozmiary:  L  M  XL  XXL S, Kolor: Szary, Sezon: Jesień/Zima;1;200;1;Odzież męska
204;Koszulka Reebok F Pique Polo "Black Melanger";159.99;https://img.citysport.com.pl/product_img_thumbs_position/cbx350x525/BQ3441__4_~2.jpg,https://img.citysport.com.pl/product_img_thumbs_position/cbx350x525/BQ3441__6_.jpg;Koszulka Męska;Rozmiary:  L  M  XL  XXL S, Kolor: Szary, Sezon: Jesień/Zima;1;200;1;Odzież męska
205;Koszulka Nike Mens Homme "Black";99.99;https://img.citysport.com.pl/product_img_thumbs_position/cbx350x525/Koszulka_Nike_850671_010__1_~1.jpg,https://img.citysport.com.pl/product_img_thumbs_position/cbx350x525/Koszulka_Nike_850671_010__2_.jpg; ;Rozmiary:  L  M  XL  XXL S, Kolor: Czarny, Sezon: Wiosna/Lato;1;200;1;Odzież męska
206;'Koszulka Nike Men''s Sportswear Polo "Medium Heather Grey"';139.99;https://img.citysport.com.pl/product_img_thumbs_position/cbx350x525/833885_063__3_~1.jpg,https://img.citysport.com.pl/product_img_thumbs_position/cbx350x525/833885_063__4_.jpg;Koszulka Męska Polo;Rozmiary:  L  M  XL S, Kolor: Szary, Sezon: Wiosna/Lato;1;200;1;Odzież męska
207;Koszulka Reebok RCF GRAPHC BLANK "White";59.99;https://img.citysport.com.pl/product_img_thumbs_position/cbx350x525/Koszulka_Reebok_RCF_Graphic_Blank_AA4617__1_~1.jpg,https://img.citysport.com.pl/product_img_thumbs_position/cbx350x525/Koszulka_Reebok_RCF_Graphic_Blank_AA4617__2_.jpg;Koszulka Męska;Rozmiary:  L  M  S  XL  XXL XS, Kolor: Biały, Sezon: Wiosna/Lato;1;200;1;Odzież męska
208;Koszulka adidas Linear "Maroon";79.99;https://img.citysport.com.pl/product_img_thumbs_position/cbx350x525/Koszulka_adidas_BK2786__2_~1.jpg,https://img.citysport.com.pl/product_img_thumbs_position/cbx350x525/Koszulka_adidas_BK2786__5_.jpg;Koszulka Męska;Rozmiary: XL, Kolor: Bordowy, Sezon: Wiosna/Lato;1;200;1;Odzież męska
209;Koszulka Nike NSW TEE PRNT PK ZINC "Classic Black";99.99;https://img.citysport.com.pl/product_img_thumbs_position/cbx350x525/847657_101__1_~1.jpg,https://img.citysport.com.pl/product_img_thumbs_position/cbx350x525/847657_101__3_.jpg;Koszulka Męska;Rozmiary:  XXL XL, Kolor: Czarny, Sezon: Wiosna/Lato;1;200;1;Odzież męska
210;Koszulka adidas Linear "White";79.99;https://img.citysport.com.pl/product_img_thumbs_position/cbx350x525/Koszulka_adidas_BK2782__4_.jpg,https://img.citysport.com.pl/product_img_thumbs_position/cbx350x525/Koszulka_adidas_BK2782__5_~1.jpg;Koszulka Męska;Rozmiary:  M  XL S, Kolor: Biały, Sezon: Wiosna/Lato;1;200;1;Odzież męska
211;Koszulka Kappa Amos T-Shirt S/S "Blue Curacao";49.99;https://img.citysport.com.pl/product_img_thumbs_position/cbx350x525/Koszulka_Kappa_303723807__2_~1.jpg,https://img.citysport.com.pl/product_img_thumbs_position/cbx350x525/Koszulka_Kappa_303723807__5_.jpg;Koszulka Męska;Rozmiary:  L  M S, Kolor: Niebieski, Sezon: Wiosna/Lato;1;200;1;Odzież męska
212;Koszulka Kappa Amos T-Shirt S/S "Grey Melange";49.99;https://img.citysport.com.pl/product_img_thumbs_position/cbx350x525/Koszulka_Kappa_30372318M__2_~1.jpg,https://img.citysport.com.pl/product_img_thumbs_position/cbx350x525/Koszulka_Kappa_30372318M__5_.jpg;Koszulka Męska;Rozmiary:  L  M S, Kolor: Szary, Sezon: Wiosna/Lato;1;200;1;Odzież męska
213;Koszulka Kappa Antoni T-Shirt S/S Men "Zitrone";49.99;https://img.citysport.com.pl/product_img_thumbs_position/cbx350x525/Koszulka_Kappa_303716234__2_~1.jpg,https://img.citysport.com.pl/product_img_thumbs_position/cbx350x525/Koszulka_Kappa_303716234__5_.jpg;Koszulka Męska;Rozmiary:  L  M S, Kolor: Żółty, Sezon: Wiosna/Lato;1;200;1;Odzież męska
214;Koszulka Kappa Antoni T-Shirt S/S Men "Blue Curacao";49.99;https://img.citysport.com.pl/product_img_thumbs_position/cbx350x525/Koszulka_Kappa_303716807__2_~1.jpg,https://img.citysport.com.pl/product_img_thumbs_position/cbx350x525/Koszulka_Kappa_303716807__5_.jpg;Koszulka Męska;Rozmiary: S, Kolor: Niebieski, Sezon: Wiosna/Lato;1;200;1;Odzież męska
215;Koszulka Puma Logo Camo Tee "White";99.99;https://img.citysport.com.pl/product_img_thumbs_position/cbx350x525/Koszulka_Puma_59096302__2_~1.jpg,https://img.citysport.com.pl/product_img_thumbs_position/cbx350x525/Koszulka_Puma_59096302__5_.jpg;Koszulka Męska;Rozmiary:  L  M  XL  XXL S, Kolor: Biały, Sezon: Wiosna/Lato;1;200;1;Odzież męska
216;Koszulka Puma Logo Camo Tee "French Blue";99.99;https://img.citysport.com.pl/product_img_thumbs_position/cbx350x525/Koszulka_Puma_59096317__2_~4.jpg,https://img.citysport.com.pl/product_img_thumbs_position/cbx350x525/Koszulka_Puma_59096317__5_.jpg;Koszulka Męska;Rozmiary:  L  M  XL S, Kolor: Niebieski, Sezon: Wiosna/Lato;1;200;1;Odzież męska
217;Koszulka Outhorn "Turkus";29.99;https://img.citysport.com.pl/product_img_thumbs_position/cbx350x525/Koszulka_Outhorn_TOL16TSM6041380__2_~1.jpg,https://img.citysport.com.pl/product_img_thumbs_position/cbx350x525/Koszulka_Outhorn_TOL16TSM6041380__5_.jpg;Koszulka Męska;Rozmiary: S, Kolor: Niebieski, Sezon: Wiosna/Lato;1;200;1;Odzież męska
218;Koszulka Kappa Samuel "Lilac Bloss";59.99;https://img.citysport.com.pl/product_img_thumbs_position/cbx350x525/Koszulka_Kappa_704204521__2_~1.jpg,https://img.citysport.com.pl/product_img_thumbs_position/cbx350x525/Koszulka_Kappa_704204521__5_.jpg;Koszulka Męska Polo;Rozmiary:  L  M  XL S, Kolor: Fioletowy, Sezon: Wiosna/Lato;1;200;1;Odzież męska
219;Koszulka Kappa Samuel "Blue";59.99;https://img.citysport.com.pl/product_img_thumbs_position/cbx350x525/Koszulka_Kappa_704204785__2_~1.jpg,https://img.citysport.com.pl/product_img_thumbs_position/cbx350x525/Koszulka_Kappa_704204785__5_.jpg;Koszulka Męska Polo;Rozmiary:  L  M S, Kolor: Niebieski, Sezon: Wiosna/Lato;1;200;1;Odzież męska
220;Koszulka Outhorn Active "Orange";29.99;https://img.citysport.com.pl/product_img_thumbs_position/cbx350x525/Koszulka_Outhorn_TOL16TSM604733__2_~1.jpg,https://img.citysport.com.pl/product_img_thumbs_position/cbx350x525/Koszulka_Outhorn_TOL16TSM604733__5_.jpg;Koszulka Męska;Rozmiary:  M S, Kolor: Pomarańczowy, Sezon: Wiosna/Lato;1;200;1;Odzież męska
221;Koszulka Reebok CF Burnout Tank "Carote";109.99;https://img.citysport.com.pl/product_img_thumbs_position/cbx350x525/Koszulka_Reebok_ReebokCF_Burnout_Tank_BJ9838__1__kafel~1.jpg,https://img.citysport.com.pl/product_img_thumbs_position/cbx350x525/Koszulka_Reebok_ReebokCF_Burnout_Tank_BJ9838__2_.jpg;Koszulka Męska;Rozmiary:  L  XL  XXL S, Kolor: Pomarańczowy, Sezon: Wiosna/Lato;1;200;1;Odzież męska
222;Koszulka Reebok Running Essentials Sleeveless Tee "Awesome Blue";79.99;https://img.citysport.com.pl/product_img_thumbs_position/cbx350x525/Koszulka_Reebok_Running_Essentials_Sleeveless_Tee_BK7270__1__kafel~1.jpg,https://img.citysport.com.pl/product_img_thumbs_position/cbx350x525/Koszulka_Reebok_Running_Essentials_Sleeveless_Tee_BK7270__2_.jpg;Koszulka Męska;Rozmiary: S, Kolor: Niebieski, Sezon: Wiosna/Lato;1;200;1;Odzież męska
223;Koszulka Reebok One Series Running SS ACTIVChill Tee "Yellow";99.99;https://img.citysport.com.pl/product_img_thumbs_position/cbx350x525/Koszulka_Reebok_One_Series_Running_SS_ACTIVChill_Tee_BK7323__1__kafel~1.jpg,https://img.citysport.com.pl/product_img_thumbs_position/cbx350x525/Koszulka_Reebok_One_Series_Running_SS_ACTIVChill_Tee_BK7323__2_.jpg;Koszulka Męska;Rozmiary:  L  XL  XXL S, Kolor: Żółty, Sezon: Wiosna/Lato;1;200;1;Odzież męska
224;Koszulka Reebok Running Essentials Sleeveless Tee "Fire";49.99;https://img.citysport.com.pl/product_img_thumbs_position/cbx350x525/Koszulka_Reebok_Running_Essentials_Sleeveless_Tee_BK7272__1__kafel~1.jpg,https://img.citysport.com.pl/product_img_thumbs_position/cbx350x525/Koszulka_Reebok_Running_Essentials_Sleeveless_Tee_BK7272__2_.jpg;Koszulka Męska;Rozmiary:  XL  XXL M, Kolor: Pomarańczowy, Sezon: Wiosna/Lato;1;200;1;Odzież męska
225;Koszulka adidas Badge of Sports "Collegiate Royal";99.99;https://img.citysport.com.pl/product_img_thumbs_position/cbx350x525/Koszulka_adidas_BK2781__1_.jpg,https://img.citysport.com.pl/product_img_thumbs_position/cbx350x525/Koszulka_adidas_BK2781__7__kafel~1.jpg;Koszulka Męska;Rozmiary: M, Kolor: Niebieski, Sezon: Wiosna/Lato;1;200;1;Odzież męska
226;Koszulka adidas Badge of Sports "Medium Heather Grey";99.99;https://img.citysport.com.pl/product_img_thumbs_position/cbx350x525/Koszulka_adidas_BK2780__1_.jpg,https://img.citysport.com.pl/product_img_thumbs_position/cbx350x525/Koszulka_adidas_BK2780__7__kafel~1.jpg;Koszulka Męska;Rozmiary:  L  M  XL  XXL S, Kolor: Szary, Sezon: Wiosna/Lato;1;200;1;Odzież męska
227;Koszulka adidas Badge Of Sports "Black";99.99;https://img.citysport.com.pl/product_img_thumbs_position/cbx350x525/Koszulka_adidas_BK2776__1_.jpg,https://img.citysport.com.pl/product_img_thumbs_position/cbx350x525/Koszulka_adidas_BK2776__7__kafel~1.jpg;Koszulka Męska;Rozmiary:  L S, Kolor: Czarny, Sezon: Wiosna/Lato;1;200;1;Odzież męska
228;Koszulka Converse Core Long Sleeve Workdmark Tee "Grey";89.99;https://img.citysport.com.pl/product_img_thumbs_position/cbx350x525/Bluza_Converse_10002179035__3_.jpg,https://img.citysport.com.pl/product_img_thumbs_position/cbx350x525/Bluza_Converse_10002179035__4_~1.jpg;Koszulka Męska;Rozmiary:  XL S, Kolor: Szary, Sezon: Wiosna/Lato;1;200;1;Odzież męska
229;Koszulka Asics Sellveless top "Imperial";49.99;https://img.citysport.com.pl/product_img_thumbs_position/cbx350x525/Koszulka_Asics_Sellveless_top_1308040808__1_~1.jpg,https://img.citysport.com.pl/product_img_thumbs_position/cbx350x525/Koszulka_Asics_Sellveless_top_1308040808__2_.jpg;Koszulka Męska;Rozmiary:  L  M  XL  XXL S, Kolor: Niebieski, Sezon: Wiosna/Lato;1;200;1;Odzież męska
230;Koszulka Asics Sleeveless top "Performance black";89.99;https://img.citysport.com.pl/product_img_thumbs_position/cbx350x525/Koszulka_Asics_Sleeveless_top_1308040904__1_~1.jpg,https://img.citysport.com.pl/product_img_thumbs_position/cbx350x525/Koszulka_Asics_Sleeveless_top_1308040904__2_.jpg;Koszulka Męska;Rozmiary:  L  M  XL  XXL S, Kolor: Czarny, Sezon: Wiosna/Lato;1;200;1;Odzież męska
231;Koszulka Merrell Elevated Tee "ASH";59.99;https://img.citysport.com.pl/product_img_thumbs_position/cbx350x525/Koszulka_Merrell_Elevated_Tee_JMS23083025__1_~1.jpg,https://img.citysport.com.pl/product_img_thumbs_position/cbx350x525/Koszulka_Merrell_Elevated_Tee_JMS23083025__2_.jpg;Koszulka Męska;Rozmiary:  L  XL  XXL M, Kolor: Szary, Sezon: Jesień/Zima;1;200;1;Odzież męska
232;Koszulka Merrell Elevated Tee "Reed Pepper";59.99;https://img.citysport.com.pl/product_img_thumbs_position/cbx350x525/Koszulka_Merrell_Elevated_Tee_JMS23083645__1_~1.jpg,https://img.citysport.com.pl/product_img_thumbs_position/cbx350x525/Koszulka_Merrell_Elevated_Tee_JMS23083645__2_.jpg;Koszulka Męska;Rozmiary:  XL  XXL L, Kolor: Czerwony, Sezon: Jesień/Zima;1;200;1;Odzież męska
233;Koszulka le coq sportif STA LF Tee SS N 1 M "Black";149.99;https://img.citysport.com.pl/product_img_thumbs_position/cbx350x525/Koszulka_le_coq_sportif_1710855__2_~1.jpg,https://img.citysport.com.pl/product_img_thumbs_position/cbx350x525/Koszulka_le_coq_sportif_1710855__5_.jpg;Koszulka Męska;Rozmiary: XXL, Kolor: Czarny, Sezon: Wiosna/Lato;1;200;1;Odzież męska
234;Koszulka Le Coq Sportif STA LF Tee SS n 1 M "Dress Blues";149.99;https://img.citysport.com.pl/product_img_thumbs_position/cbx350x525/Koszulka_Le_Coq_Sportif_1710856__3__kafel~1.jpg,https://img.citysport.com.pl/product_img_thumbs_position/cbx350x525/Koszulka_Le_Coq_Sportif_1710856__4_.jpg;Koszulka Męska;Rozmiary:  XXL M, Kolor: Granatowy, Sezon: Wiosna/Lato;1;200;1;Odzież męska
235;Koszulka le coq sportif STA LF Tee SS N 1 M "Four Leaf Clover";149.99;https://img.citysport.com.pl/product_img_thumbs_position/cbx350x525/Koszulka_le_coq_sportif_1710857__2_~1.jpg,https://img.citysport.com.pl/product_img_thumbs_position/cbx350x525/Koszulka_le_coq_sportif_1710857__5_.jpg;Koszulka Męska;Rozmiary:  L  XL  XXL M, Kolor: Zielony, Sezon: Wiosna/Lato;1;200;1;Odzież męska
236;Koszulka Le Coq Sportif STA SP CotonTech Polo SS "Blue";139.99;https://img.citysport.com.pl/product_img_thumbs_position/cbx350x525/Koszulka_Le_Coq_Sportif_1710357__2_.jpg,https://img.citysport.com.pl/product_img_thumbs_position/cbx350x525/Koszulka_Le_Coq_Sportif_1710357__3__kafel~1.jpg;Koszulka Męska;Rozmiary:  L  M  XL  XXL S, Kolor: Granatowy, Sezon: Wiosna/Lato;1;200;1;Odzież męska
237;Koszulka Merrell Half Dome Tee "Blue";69.99;https://img.citysport.com.pl/product_img_thumbs_position/cbx350x525/Koszulka_Merrell_JMF23420403__3_.jpg,https://img.citysport.com.pl/product_img_thumbs_position/cbx350x525/Koszulka_Merrell_JMF23420403__4_~1.jpg;Koszulka Męska;Rozmiary:  L  XL M, Kolor: Niebieski, Sezon: Wiosna/Lato;1;200;1;Odzież męska
238;Koszulka Le Coq Sportif STA SP CotonTech Tee SS M "Dress Blues";69.99;https://img.citysport.com.pl/product_img_thumbs_position/cbx350x525/Koszulka_lecoqsportif_1710424__3_.jpg,https://img.citysport.com.pl/product_img_thumbs_position/cbx350x525/Koszulka_lecoqsportif_1710424__4_~1.jpg;Koszulka Męska;Rozmiary: XL, Kolor: Granatowy, Sezon: Wiosna/Lato;1;200;1;Odzież męska
239;Koszulka Le Coq Sportif STA SP CotonTech Tee SS M "Black";79.99;;;;;;;
